Date,Capital,Bench
2008-02-29,99993.0,42.95
2008-03-03,99652.0,42.67
2008-03-04,98637.0,42.91
2008-03-05,98248.0,43.12
2008-03-06,98157.0,42.17
2008-03-07,97988.0,42.07
2008-03-10,98828.0,41.26
2008-03-11,98758.0,42.83
2008-03-12,100145.0,42.71
2008-03-13,99804.0,43.04
2008-03-14,100525.0,42.25
2008-03-17,101086.0,41.48
2008-03-18,100957.0,43.33
2008-03-19,101295.0,42.26
2008-03-20,101224.0,43.123000000000005
2008-03-24,100125.0,44.613
2008-03-25,100799.0,44.863
2008-03-26,100490.0,44.733000000000004
2008-03-27,99860.0,43.743
2008-03-28,100195.0,43.523
2008-03-31,100548.0,43.753
2008-04-01,99594.0,45.623000000000005
2008-04-02,100118.0,45.523
2008-04-03,100319.0,45.623000000000005
2008-04-04,100949.0,45.893
2008-04-07,100776.0,45.793
2008-04-08,100439.0,45.443
2008-04-09,101220.0,44.933
2008-04-10,100991.0,45.573
2008-04-11,100779.0,44.313
2008-04-14,100340.0,44.113
2008-04-15,99746.0,44.173
2008-04-16,100104.0,45.403
2008-04-17,99917.0,45.303000000000004
2008-04-18,99825.0,46.743
2008-04-21,100027.0,47.073
2008-04-22,100100.0,46.373000000000005
2008-04-23,99715.0,46.883
2008-04-24,99054.0,47.303000000000004
2008-04-25,98912.0,47.183
2008-04-28,99155.0,47.273
2008-04-29,98962.0,47.633
2008-04-30,99689.0,47.243
2008-05-01,100422.0,48.733000000000004
2008-05-02,99951.0,48.803000000000004
2008-05-05,99668.0,48.663000000000004
2008-05-06,99682.0,48.963
2008-05-07,99061.0,48.073
2008-05-08,99405.0,48.433
2008-05-09,99454.0,48.243
2008-05-12,99903.0,49.123000000000005
2008-05-13,99318.0,49.253
2008-05-14,99471.0,49.143
2008-05-15,100489.0,50.003
2008-05-16,100270.0,50.043
2008-05-19,100498.0,49.683
2008-05-20,100278.0,49.303000000000004
2008-05-21,99448.0,48.213
2008-05-22,98848.0,48.383
2008-05-23,98446.0,48.233000000000004
2008-05-27,98448.0,49.083
2008-05-28,98207.0,49.283
2008-05-29,98068.0,49.723
2008-05-30,98668.0,50.043
2008-06-02,98136.0,49.433
2008-06-03,98042.0,49.163000000000004
2008-06-04,97653.0,49.793
2008-06-05,98471.0,50.583
2008-06-06,97195.0,49.063
2008-06-09,97404.0,48.803000000000004
2008-06-10,96940.0,48.573
2008-06-11,96017.0,47.403
2008-06-12,95823.0,47.453
2008-06-13,96417.0,48.403
2008-06-16,96388.0,48.833
2008-06-17,96184.0,48.573
2008-06-18,95939.0,48.053000000000004
2008-06-19,95783.0,48.803000000000004
2008-06-20,94895.0,47.487
2008-06-23,94959.0,47.117
2008-06-24,95109.0,46.877
2008-06-25,95298.0,47.637
2008-06-26,94125.0,45.717
2008-06-27,94256.0,45.717
2008-06-30,94720.0,45.237
2008-07-01,94542.0,45.877
2008-07-02,94757.0,44.777
2008-07-03,94520.0,44.697
2008-07-07,94591.0,44.967
2008-07-08,95184.0,46.037
2008-07-09,95323.0,44.817
2008-07-10,95673.0,45.347
2008-07-11,94782.0,44.627
2008-07-14,95401.0,44.297
2008-07-15,95257.0,44.307
2008-07-16,94107.0,45.407000000000004
2008-07-17,93925.0,45.707
2008-07-18,93760.0,44.657000000000004
2008-07-21,94136.0,44.847
2008-07-22,93644.0,44.847
2008-07-23,93218.0,45.437
2008-07-24,93671.0,44.757
2008-07-25,93022.0,45.337
2008-07-28,93485.0,44.487
2008-07-29,93343.0,45.407000000000004
2008-07-30,93491.0,45.637
2008-07-31,94235.0,45.527
2008-08-01,93939.0,44.947
2008-08-04,93452.0,44.497
2008-08-05,93543.0,45.997
2008-08-06,93535.0,46.697
2008-08-07,93845.0,46.337
2008-08-08,94309.0,47.387
2008-08-11,93565.0,47.817
2008-08-12,93660.0,47.867
2008-08-13,93384.0,47.767
2008-08-14,93637.0,48.317
2008-08-15,93920.0,48.227
2008-08-18,93896.0,47.667
2008-08-19,93599.0,47.077
2008-08-20,93829.0,47.157000000000004
2008-08-21,94080.0,46.937
2008-08-22,94370.0,47.557
2008-08-25,94282.0,46.557
2008-08-26,94437.0,46.497
2008-08-27,94798.0,46.797
2008-08-28,95380.0,47.177
2008-08-29,94895.0,46.187
2008-09-02,94996.0,45.617
2008-09-03,95230.0,45.187
2008-09-04,94530.0,43.727
2008-09-05,94605.0,43.517
2008-09-08,95653.0,43.437
2008-09-09,95129.0,42.517
2008-09-10,94923.0,42.867
2008-09-11,95450.0,43.667
2008-09-12,94848.0,43.497
2008-09-15,94897.0,42.147
2008-09-16,95433.0,42.477
2008-09-17,94132.0,40.277
2008-09-18,94325.0,41.637
2008-09-19,93709.0,42.995
2008-09-22,92819.0,40.975
2008-09-23,91800.0,40.665
2008-09-24,92125.0,40.945
2008-09-25,92593.0,41.595
2008-09-26,93070.0,41.175
2008-09-29,91983.0,37.915
2008-09-30,92279.0,39.004999999999995
2008-10-01,93001.0,38.595
2008-10-02,92153.0,36.845
2008-10-03,92324.0,36.275
2008-10-06,92790.0,34.955
2008-10-07,92096.0,32.745
2008-10-08,90918.0,32.485
2008-10-09,89238.0,31.615
2008-10-10,87420.0,31.415
2008-10-13,88909.0,35.225
2008-10-14,88288.0,33.705
2008-10-15,87130.0,30.695
2008-10-16,87144.0,32.355
2008-10-17,86104.0,32.394999999999996
2008-10-20,87902.0,33.295
2008-10-21,87233.0,31.575
2008-10-22,86717.0,30.705
2008-10-23,87379.0,30.584999999999997
2008-10-24,86019.0,29.605
2008-10-27,85462.0,28.785
2008-10-28,86986.0,31.955
2008-10-29,86430.0,31.875
2008-10-30,86388.0,32.935
2008-10-31,85787.0,32.985
2008-11-03,85658.0,32.915
2008-11-04,87821.0,33.845
2008-11-05,88068.0,32.085
2008-11-06,87273.0,30.654999999999998
2008-11-07,86955.0,31.285
2008-11-10,87444.0,30.865
2008-11-11,87312.0,30.195
2008-11-12,87298.0,28.805
2008-11-13,86115.0,30.555
2008-11-14,87554.0,29.075
2008-11-17,87720.0,28.465
2008-11-18,88682.0,28.435
2008-11-19,90361.0,26.955
2008-11-20,94279.0,25.654999999999998
2008-11-21,94194.0,26.765
2008-11-24,93466.0,28.395
2008-11-25,95750.0,28.265
2008-11-26,95870.0,29.445
2008-11-28,97133.0,29.215
2008-12-01,97863.0,27.025
2008-12-02,98756.0,27.924999999999997
2008-12-03,99082.0,28.715
2008-12-04,100139.0,27.904999999999998
2008-12-05,99116.0,29.035
2008-12-08,99609.0,30.174999999999997
2008-12-09,100861.0,30.105
2008-12-10,101333.0,30.005
2008-12-11,101373.0,29.185
2008-12-12,101497.0,29.775
2008-12-15,102570.0,29.255
2008-12-16,105298.0,30.654999999999998
2008-12-17,107452.0,30.285
2008-12-18,108632.0,29.755
2008-12-19,108370.0,29.998
2008-12-22,107782.0,29.348000000000003
2008-12-23,107412.0,29.198
2008-12-24,107437.0,29.278000000000002
2008-12-26,108145.0,29.268
2008-12-29,107873.0,29.028000000000002
2008-12-30,108829.0,29.628
2008-12-31,107860.0,29.878
2009-01-02,106493.0,31.168000000000003
2009-01-05,104244.0,31.158
2009-01-06,103752.0,31.468
2009-01-07,103098.0,30.578000000000003
2009-01-08,103316.0,30.898000000000003
2009-01-09,103009.0,30.208000000000002
2009-01-12,102845.0,29.658
2009-01-13,102907.0,29.668000000000003
2009-01-14,103376.0,28.768
2009-01-15,103613.0,29.238000000000003
2009-01-16,103018.0,29.558000000000003
2009-01-20,102548.0,28.098000000000003
2009-01-21,100867.0,29.288
2009-01-22,99372.0,28.898000000000003
2009-01-23,99480.0,29.038
2009-01-26,99081.0,29.248
2009-01-27,100672.0,29.458000000000002
2009-01-28,99304.0,30.488000000000003
2009-01-29,97639.0,29.718
2009-01-30,97441.0,29.198
2009-02-02,98040.0,29.548000000000002
2009-02-03,96580.0,30.008000000000003
2009-02-04,96308.0,30.048000000000002
2009-02-05,96702.0,30.708000000000002
2009-02-06,96868.0,31.508000000000003
2009-02-09,96891.0,31.638
2009-02-10,97915.0,30.478
2009-02-11,99198.0,30.338
2009-02-12,98672.0,30.708000000000002
2009-02-13,96561.0,30.568
2009-02-17,98490.0,29.358
2009-02-18,98104.0,29.378
2009-02-19,96616.0,28.928
2009-02-20,97364.0,29.008000000000003
2009-02-23,97470.0,27.998
2009-02-24,97427.0,28.918000000000003
2009-02-25,96267.0,28.728
2009-02-26,95345.0,27.928
2009-02-27,94843.0,27.668000000000003
2009-03-02,94811.0,26.778000000000002
2009-03-03,94109.0,26.758000000000003
2009-03-04,94013.0,27.468
2009-03-05,95647.0,26.648000000000003
2009-03-06,95309.0,26.438000000000002
2009-03-09,94456.0,25.878
2009-03-10,93685.0,27.468
2009-03-11,94634.0,27.888
2009-03-12,95778.0,28.808000000000003
2009-03-13,95599.0,28.878
2009-03-16,94464.0,28.398000000000003
2009-03-17,94445.0,29.468
2009-03-18,97604.0,29.838
2009-03-19,97666.0,29.818
2009-03-20,96803.0,29.367
2009-03-23,97171.0,31.087
2009-03-24,97353.0,30.517
2009-03-25,96771.0,30.657
2009-03-26,97903.0,31.597
2009-03-27,97915.0,31.007
2009-03-30,97477.0,30.247
2009-03-31,98372.0,30.507
2009-04-01,99179.0,30.957
2009-04-02,98257.0,31.947000000000003
2009-04-03,96663.0,32.537
2009-04-06,95931.0,32.457
2009-04-07,96064.0,31.607000000000003
2009-04-08,96768.0,32.137
2009-04-09,96221.0,33.126999999999995
2009-04-13,97086.0,33.077
2009-04-14,97190.0,32.677
2009-04-15,97224.0,32.586999999999996
2009-04-16,96550.0,33.427
2009-04-17,95710.0,33.497
2009-04-20,96598.0,32.427
2009-04-21,96064.0,32.876999999999995
2009-04-22,95610.0,32.977
2009-04-23,95940.0,33.297
2009-04-24,95536.0,33.876999999999995
2009-04-27,95640.0,33.916999999999994
2009-04-28,94273.0,33.666999999999994
2009-04-29,93995.0,34.126999999999995
2009-04-30,93749.0,34.467
2009-05-01,93634.0,34.556999999999995
2009-05-04,95428.0,35.236999999999995
2009-05-05,95232.0,35.207
2009-05-06,95997.0,35.217
2009-05-07,94264.0,34.397
2009-05-08,95551.0,34.416999999999994
2009-05-11,95138.0,34.537
2009-05-12,95227.0,34.117
2009-05-13,94398.0,33.207
2009-05-14,94927.0,33.577
2009-05-15,94490.0,33.556999999999995
2009-05-18,95363.0,34.427
2009-05-19,95029.0,34.586999999999996
2009-05-20,95091.0,34.467
2009-05-21,93309.0,33.836999999999996
2009-05-22,92743.0,33.727
2009-05-26,93493.0,34.977
2009-05-27,91796.0,34.736999999999995
2009-05-28,93038.0,35.137
2009-05-29,95127.0,35.567
2009-06-01,94138.0,36.577
2009-06-02,94476.0,36.626999999999995
2009-06-03,94561.0,36.516999999999996
2009-06-04,93727.0,36.927
2009-06-05,93342.0,36.967
2009-06-08,93057.0,36.857
2009-06-09,93212.0,37.137
2009-06-10,92260.0,37.007
2009-06-11,93017.0,37.007
2009-06-12,93628.0,36.836999999999996
2009-06-15,93258.0,36.086999999999996
2009-06-16,93710.0,35.736999999999995
2009-06-17,93360.0,36.077
2009-06-18,92762.0,36.007
2009-06-19,93438.0,36.391
2009-06-22,92908.0,35.311
2009-06-23,93589.0,35.231
2009-06-24,93260.0,35.821000000000005
2009-06-25,95085.0,36.521
2009-06-26,95069.0,36.601
2009-06-29,95517.0,36.681000000000004
2009-06-30,95448.0,36.611000000000004
2009-07-01,95125.0,36.631
2009-07-02,92892.0,35.831
2009-07-06,92482.0,35.641
2009-07-07,90632.0,34.761
2009-07-08,90880.0,34.941
2009-07-09,90895.0,35.001000000000005
2009-07-10,91113.0,35.151
2009-07-13,92513.0,35.821000000000005
2009-07-14,92597.0,35.951
2009-07-15,94981.0,37.151
2009-07-16,96400.0,37.591
2009-07-17,96617.0,37.791000000000004
2009-07-20,101408.0,38.151
2009-07-21,102867.0,38.411
2009-07-22,102899.0,38.731
2009-07-23,105568.0,39.581
2009-07-24,106206.0,39.281
2009-07-27,106682.0,39.581
2009-07-28,106738.0,39.311
2009-07-29,107191.0,39.571000000000005
2009-07-30,107508.0,39.801
2009-07-31,107240.0,39.681000000000004
2009-08-03,107963.0,40.271
2009-08-04,108157.0,40.271
2009-08-05,107549.0,39.961
2009-08-06,107109.0,39.611000000000004
2009-08-07,107986.0,40.111000000000004
2009-08-10,107941.0,39.831
2009-08-11,107376.0,39.491
2009-08-12,108091.0,40.101
2009-08-13,108744.0,40.321000000000005
2009-08-14,108190.0,39.861000000000004
2009-08-17,106697.0,38.711
2009-08-18,107184.0,39.261
2009-08-19,108068.0,39.531
2009-08-20,108809.0,39.991
2009-08-21,109863.0,40.521
2009-08-24,110134.0,40.481
2009-08-25,110483.0,40.601
2009-08-26,110620.0,40.531
2009-08-27,110823.0,40.631
2009-08-28,110599.0,40.671
2009-08-31,110474.0,40.261
2009-09-01,108612.0,39.511
2009-09-02,108323.0,39.481
2009-09-03,108925.0,39.741
2009-09-04,110029.0,40.591
2009-09-08,110830.0,40.971000000000004
2009-09-09,111248.0,41.321000000000005
2009-09-10,112174.0,41.711
2009-09-11,112225.0,41.751000000000005
2009-09-14,112286.0,41.911
2009-09-15,112585.0,42.041000000000004
2009-09-16,113864.0,42.651
2009-09-17,113717.0,42.641
2009-09-18,113883.0,42.711999999999996
2009-09-21,113489.0,42.842
2009-09-22,113960.0,42.922
2009-09-23,113406.0,42.722
2009-09-24,112681.0,42.342
2009-09-25,112434.0,41.972
2009-09-28,113505.0,42.681999999999995
2009-09-29,113334.0,42.492
2009-09-30,113467.0,42.522
2009-10-01,111814.0,41.272
2009-10-02,111631.0,41.152
2009-10-05,112546.0,41.482
2009-10-06,113694.0,42.211999999999996
2009-10-07,113976.0,42.332
2009-10-08,114519.0,42.512
2009-10-09,114900.0,42.751999999999995
2009-10-12,115249.0,42.842
2009-10-13,115103.0,42.852
2009-10-14,116108.0,43.431999999999995
2009-10-15,116611.0,43.332
2009-10-16,116380.0,43.052
2009-10-19,117280.0,43.482
2009-10-20,116951.0,43.492
2009-10-21,115942.0,43.412
2009-10-22,116869.0,43.582
2009-10-23,115778.0,43.402
2009-10-26,114644.0,43.262
2009-10-27,114772.0,42.612
2009-10-28,113835.0,41.662
2009-10-29,115621.0,42.362
2009-10-30,113474.0,41.232
2009-11-02,114660.0,41.402
2009-11-03,115894.0,41.532
2009-11-04,115420.0,41.602
2009-11-05,118044.0,42.622
2009-11-06,118723.0,42.872
2009-11-09,120538.0,43.782
2009-11-10,120877.0,43.891999999999996
2009-11-11,121542.0,44.172
2009-11-12,120482.0,43.922
2009-11-13,121053.0,44.282
2009-11-16,122492.0,44.732
2009-11-17,122572.0,44.872
2009-11-18,121763.0,44.622
2009-11-19,120107.0,43.931999999999995
2009-11-20,119681.0,43.711999999999996
2009-11-23,120773.0,44.412
2009-11-24,121413.0,44.262
2009-11-25,121957.0,44.452
2009-11-27,120582.0,43.782
2009-11-30,120894.0,43.832
2009-12-01,122081.0,44.282
2009-12-02,122505.0,44.342
2009-12-03,121827.0,44.162
2009-12-04,122111.0,44.391999999999996
2009-12-07,122057.0,44.181999999999995
2009-12-08,121197.0,43.912
2009-12-09,121999.0,44.352
2009-12-10,122285.0,44.571999999999996
2009-12-11,122279.0,44.402
2009-12-14,123479.0,44.821999999999996
2009-12-15,122862.0,44.571999999999996
2009-12-16,122639.0,44.632
2009-12-17,121200.0,44.092
2009-12-18,122266.0,44.805
2009-12-21,123371.0,45.305
2009-12-22,124368.0,45.574999999999996
2009-12-23,125053.0,45.905
2009-12-24,125669.0,46.324999999999996
2009-12-28,126162.0,46.565
2009-12-29,125885.0,46.375
2009-12-30,126195.0,46.515
2009-12-31,125393.0,46.095
2010-01-04,127195.0,46.765
2010-01-05,127113.0,46.765
2010-01-06,127332.0,46.485
2010-01-07,127649.0,46.515
2010-01-08,128322.0,46.894999999999996
2010-01-11,128329.0,46.705
2010-01-12,127295.0,46.125
2010-01-13,128753.0,46.695
2010-01-14,128841.0,46.735
2010-01-15,127677.0,46.195
2010-01-19,129513.0,46.935
2010-01-20,128236.0,46.265
2010-01-21,126071.0,45.835
2010-01-22,123397.0,44.504999999999995
2010-01-25,123631.0,44.655
2010-01-26,123695.0,44.695
2010-01-27,124641.0,45.045
2010-01-28,122490.0,43.894999999999996
2010-01-29,121499.0,43.135
2010-02-01,122509.0,43.605
2010-02-02,123807.0,43.995
2010-02-03,123180.0,44.235
2010-02-04,120818.0,42.964999999999996
2010-02-05,120854.0,43.324999999999996
2010-02-08,120180.0,43.015
2010-02-09,121436.0,43.455
2010-02-10,121152.0,43.365
2010-02-11,122100.0,44.015
2010-02-12,121960.0,44.105
2010-02-16,123445.0,44.665
2010-02-17,123920.0,44.915
2010-02-18,124617.0,45.195
2010-02-19,124680.0,45.175
2010-02-22,124525.0,45.085
2010-02-23,123845.0,44.504999999999995
2010-02-24,124706.0,44.955
2010-02-25,124553.0,44.945
2010-02-26,124665.0,45.105
2010-03-01,125588.0,45.754999999999995
2010-03-02,125752.0,45.894999999999996
2010-03-03,125836.0,45.945
2010-03-04,126295.0,46.095
2010-03-05,127644.0,46.785
2010-03-08,127395.0,46.875
2010-03-09,127455.0,47.135
2010-03-10,127516.0,47.515
2010-03-11,128015.0,47.695
2010-03-12,128144.0,47.705
2010-03-15,128527.0,47.585
2010-03-16,129181.0,47.885
2010-03-17,129755.0,48.015
2010-03-18,130098.0,48.175
2010-03-19,129253.0,47.886
2010-03-22,129844.0,48.316
2010-03-23,131020.0,48.646
2010-03-24,130345.0,48.416000000000004
2010-03-25,130296.0,48.346000000000004
2010-03-26,130306.0,48.396
2010-03-29,130928.0,48.626
2010-03-30,131155.0,48.786
2010-03-31,130826.0,48.556
2010-04-01,131512.0,48.556
2010-04-05,132282.0,49.006
2010-04-06,132388.0,49.146
2010-04-07,131788.0,49.026
2010-04-08,132264.0,49.136
2010-04-09,133007.0,49.426
2010-04-12,132838.0,49.466
2010-04-13,133101.0,49.716
2010-04-14,134438.0,50.306
2010-04-15,134574.0,50.526
2010-04-16,133006.0,49.926
2010-04-19,133057.0,49.896
2010-04-20,133601.0,50.146
2010-04-21,133372.0,50.426
2010-04-22,133229.0,50.706
2010-04-23,133875.0,50.916000000000004
2010-04-26,133378.0,50.806
2010-04-27,130889.0,49.736000000000004
2010-04-28,131645.0,49.766
2010-04-29,134097.0,50.626
2010-04-30,131711.0,49.636
2010-05-03,132936.0,50.326
2010-05-04,131122.0,48.826
2010-05-05,130906.0,48.576
2010-05-06,127740.0,46.966
2010-05-07,126223.0,45.806
2010-05-10,130167.0,48.166000000000004
2010-05-11,129877.0,48.116
2010-05-12,131209.0,49.016
2010-05-13,130183.0,48.246
2010-05-14,128840.0,47.326
2010-05-17,129191.0,47.476
2010-05-18,128305.0,46.826
2010-05-19,127796.0,46.456
2010-05-20,124242.0,44.746
2010-05-21,125005.0,45.236000000000004
2010-05-24,123826.0,45.056
2010-05-25,123346.0,45.096000000000004
2010-05-26,122516.0,44.596000000000004
2010-05-27,125209.0,46.266
2010-05-28,124406.0,45.996
2010-06-01,124544.0,45.576
2010-06-02,124285.0,46.646
2010-06-03,123456.0,47.086
2010-06-04,125069.0,45.486000000000004
2010-06-07,125780.0,44.666000000000004
2010-06-08,125543.0,44.586
2010-06-09,125294.0,44.216
2010-06-10,124189.0,45.466
2010-06-11,125503.0,45.896
2010-06-14,124972.0,45.886
2010-06-15,125324.0,47.106
2010-06-16,125716.0,47.296
2010-06-17,126684.0,47.446
2010-06-18,126636.0,47.485
2010-06-21,126004.0,47.085
2010-06-22,126795.0,46.725
2010-06-23,127281.0,46.535
2010-06-24,126468.0,45.835
2010-06-25,127090.0,45.844
2010-06-28,127583.0,45.684
2010-06-29,127893.0,43.943999999999996
2010-06-30,128634.0,43.284
2010-07-01,127702.0,43.164
2010-07-02,127124.0,43.044
2010-07-06,127673.0,43.174
2010-07-07,127836.0,44.534
2010-07-08,127609.0,44.774
2010-07-09,127539.0,45.193999999999996
2010-07-12,127391.0,45.324
2010-07-13,127346.0,45.903999999999996
2010-07-14,128118.0,46.134
2010-07-15,128880.0,46.174
2010-07-16,128170.0,44.914
2010-07-19,127733.0,45.294
2010-07-20,128262.0,45.833999999999996
2010-07-21,129107.0,45.214
2010-07-22,128991.0,46.344
2010-07-23,128340.0,46.634
2010-07-26,128444.0,47.013999999999996
2010-07-27,127424.0,46.994
2010-07-28,127565.0,46.623999999999995
2010-07-29,127474.0,46.284
2010-07-30,129095.0,46.384
2010-08-02,129288.0,47.244
2010-08-03,129392.0,47.044
2010-08-04,129283.0,47.513999999999996
2010-08-05,129528.0,47.403999999999996
2010-08-06,130029.0,47.333999999999996
2010-08-09,130097.0,47.653999999999996
2010-08-10,129914.0,47.244
2010-08-11,129138.0,45.974
2010-08-12,128588.0,45.614
2010-08-13,129281.0,45.294
2010-08-16,130961.0,45.373999999999995
2010-08-17,131275.0,45.943999999999996
2010-08-18,131583.0,46.123999999999995
2010-08-19,131644.0,45.434
2010-08-20,131280.0,45.494
2010-08-23,131065.0,45.053999999999995
2010-08-24,131331.0,44.224
2010-08-25,131301.0,44.644
2010-08-26,131577.0,44.114
2010-08-27,130455.0,44.644
2010-08-30,130943.0,44.184
2010-08-31,131987.0,44.034
2010-09-01,132875.0,45.333999999999996
2010-09-02,132924.0,45.833999999999996
2010-09-03,133280.0,46.583999999999996
2010-09-07,133494.0,46.274
2010-09-08,133550.0,46.824
2010-09-09,132813.0,47.004
2010-09-10,132980.0,47.174
2010-09-13,134067.0,47.824
2010-09-14,134483.0,48.024
2010-09-15,134031.0,48.324
2010-09-16,133559.0,48.513999999999996
2010-09-17,133460.0,48.676
2010-09-20,134967.0,49.516
2010-09-21,135601.0,49.506
2010-09-22,135743.0,49.376
2010-09-23,135261.0,49.356
2010-09-24,136155.0,50.346
2010-09-27,136709.0,50.076
2010-09-28,137365.0,50.056
2010-09-29,136980.0,49.976
2010-09-30,137123.0,49.756
2010-10-01,137380.0,49.696
2010-10-04,136725.0,49.166
2010-10-05,138436.0,50.346
2010-10-06,139042.0,49.916
2010-10-07,138648.0,50.096
2010-10-08,139101.0,50.436
2010-10-11,139223.0,50.456
2010-10-12,139201.0,50.796
2010-10-13,140133.0,51.206
2010-10-14,139887.0,51.106
2010-10-15,139560.0,52.176
2010-10-18,140091.0,51.986
2010-10-19,138767.0,51.506
2010-10-20,140092.0,51.876
2010-10-21,140381.0,51.976
2010-10-22,140517.0,52.326
2010-10-25,140924.0,52.576
2010-10-26,140509.0,52.716
2010-10-27,139839.0,52.876
2010-10-28,139876.0,52.986
2010-10-29,140383.0,52.866
2010-11-01,140246.0,52.906
2010-11-02,141553.0,53.466
2010-11-03,142357.0,53.706
2010-11-04,143591.0,54.356
2010-11-05,143558.0,54.356
2010-11-08,143364.0,54.426
2010-11-09,142433.0,54.136
2010-11-10,143208.0,54.406
2010-11-11,142913.0,54.066
2010-11-12,140868.0,53.196
2010-11-15,140996.0,52.996
2010-11-16,139238.0,52.136
2010-11-17,139212.0,52.286
2010-11-18,141255.0,53.116
2010-11-19,141316.0,53.156
2010-11-22,141890.0,53.596
2010-11-23,139787.0,52.756
2010-11-24,142124.0,53.806
2010-11-26,141042.0,53.456
2010-11-29,140626.0,53.416
2010-11-30,139300.0,52.776
2010-12-01,141316.0,53.876
2010-12-02,142349.0,54.416
2010-12-03,142779.0,54.556
2010-12-06,142650.0,54.536
2010-12-07,142303.0,54.566
2010-12-08,142441.0,54.766
2010-12-09,142548.0,54.816
2010-12-10,143651.0,55.176
2010-12-13,143154.0,54.986
2010-12-14,143652.0,55.086
2010-12-15,143265.0,54.846
2010-12-16,144607.0,55.266
2010-12-17,147843.0,55.314
2010-12-20,147757.0,55.354
2010-12-21,148323.0,55.684
2010-12-22,148703.0,55.674
2010-12-23,148669.0,55.534
2010-12-27,149090.0,55.564
2010-12-28,148417.0,55.464
2010-12-29,148518.0,55.583999999999996
2010-12-30,148291.0,55.45399999999999
2010-12-31,148344.0,55.254
2011-01-03,149999.0,56.104
2011-01-04,149656.0,56.064
2011-01-05,150741.0,56.534
2011-01-06,150863.0,56.714
2011-01-07,150636.0,56.663999999999994
2011-01-10,150312.0,56.873999999999995
2011-01-11,150813.0,56.95399999999999
2011-01-12,152150.0,57.354
2011-01-13,152097.0,57.373999999999995
2011-01-14,152982.0,57.794
2011-01-18,153682.0,57.95399999999999
2011-01-19,151627.0,57.303999999999995
2011-01-20,151179.0,56.903999999999996
2011-01-21,150254.0,56.474
2011-01-24,151928.0,57.244
2011-01-25,151970.0,57.324
2011-01-26,152816.0,57.623999999999995
2011-01-27,153343.0,57.974
2011-01-28,149640.0,56.523999999999994
2011-01-31,150724.0,56.794
2011-02-01,152825.0,57.843999999999994
2011-02-02,152745.0,57.754
2011-02-03,152851.0,57.854
2011-02-04,153414.0,58.174
2011-02-07,153659.0,58.443999999999996
2011-02-08,154474.0,58.824
2011-02-09,153978.0,58.724
2011-02-10,154564.0,58.814
2011-02-11,155391.0,59.233999999999995
2011-02-14,155749.0,59.373999999999995
2011-02-15,155375.0,59.294
2011-02-16,156221.0,59.674
2011-02-17,156362.0,59.653999999999996
2011-02-18,156245.0,59.523999999999994
2011-02-22,152602.0,57.824
2011-02-23,151512.0,57.354
2011-02-24,151872.0,57.653999999999996
2011-02-25,153759.0,58.443999999999996
2011-02-28,154224.0,58.564
2011-03-01,152263.0,57.634
2011-03-02,152954.0,57.934
2011-03-03,155023.0,59.064
2011-03-04,154624.0,58.763999999999996
2011-03-07,153066.0,57.983999999999995
2011-03-08,153819.0,58.214
2011-03-09,153328.0,57.824
2011-03-10,151077.0,56.934
2011-03-11,152110.0,57.284
2011-03-14,151539.0,57.083999999999996
2011-03-15,149804.0,56.284
2011-03-16,146997.0,54.943999999999996
2011-03-17,148223.0,55.443999999999996
2011-03-18,148935.0,55.321000000000005
2011-03-21,150846.0,56.371
2011-03-22,150401.0,56.271
2011-03-23,150983.0,56.581
2011-03-24,153059.0,57.571000000000005
2011-03-25,153642.0,57.711000000000006
2011-03-28,153134.0,57.401
2011-03-29,154668.0,57.951
2011-03-30,156517.0,58.221000000000004
2011-03-31,156974.0,58.301
2011-04-01,157566.0,58.331
2011-04-04,157890.0,58.141000000000005
2011-04-05,157798.0,57.991
2011-04-06,158194.0,58.131
2011-04-07,158010.0,58.091
2011-04-08,157578.0,57.821000000000005
2011-04-11,157779.0,57.631
2011-04-12,157155.0,57.241
2011-04-13,157334.0,57.721000000000004
2011-04-14,157716.0,57.621
2011-04-15,158473.0,57.521
2011-04-18,157099.0,57.121
2011-04-19,157776.0,57.471000000000004
2011-04-20,159454.0,58.751000000000005
2011-04-21,159837.0,59.211000000000006
2011-04-25,159592.0,59.361000000000004
2011-04-26,160954.0,59.691
2011-04-27,161877.0,60.091
2011-04-28,162833.0,60.001000000000005
2011-04-29,163594.0,59.951
2011-05-02,163468.0,59.841
2011-05-03,163498.0,59.561
2011-05-04,162659.0,59.471000000000004
2011-05-05,161115.0,59.151
2011-05-06,161799.0,59.341
2011-05-09,162371.0,59.561
2011-05-10,163380.0,60.061
2011-05-11,162214.0,59.631
2011-05-12,163510.0,59.981
2011-05-13,162513.0,59.281
2011-05-16,162029.0,58.271
2011-05-17,161622.0,58.431000000000004
2011-05-18,162556.0,58.911
2011-05-19,163223.0,59.081
2011-05-20,161904.0,58.641000000000005
2011-05-23,160342.0,57.791000000000004
2011-05-24,160114.0,57.441
2011-05-25,160141.0,57.661
2011-05-26,160416.0,58.011
2011-05-27,161008.0,58.301
2011-05-31,162857.0,59.231
2011-06-01,159982.0,57.961000000000006
2011-06-02,159018.0,58.081
2011-06-03,157734.0,57.221000000000004
2011-06-06,156845.0,56.761
2011-06-07,156586.0,56.661
2011-06-08,156455.0,56.261
2011-06-09,157405.0,56.361000000000004
2011-06-10,155412.0,55.511
2011-06-13,155657.0,55.511
2011-06-14,157155.0,56.211000000000006
2011-06-15,154959.0,55.161
2011-06-16,155862.0,54.951
2011-06-17,155928.0,54.782
2011-06-20,156941.0,55.062
2011-06-21,157874.0,56.221999999999994
2011-06-22,156914.0,55.821999999999996
2011-06-23,156157.0,56.332
2011-06-24,154752.0,55.372
2011-06-27,155750.0,56.242
2011-06-28,157046.0,57.062
2011-06-29,158025.0,57.291999999999994
2011-06-30,160047.0,58.041999999999994
2011-07-01,161784.0,58.901999999999994
2011-07-05,161722.0,59.192
2011-07-06,162477.0,59.382
2011-07-07,163623.0,60.181999999999995
2011-07-08,163038.0,60.022
2011-07-11,161616.0,58.952
2011-07-12,161014.0,58.512
2011-07-13,161433.0,58.751999999999995
2011-07-14,160525.0,58.082
2011-07-15,161007.0,58.842
2011-07-18,159807.0,58.532
2011-07-19,162354.0,59.842
2011-07-20,161996.0,59.592
2011-07-21,163584.0,59.982
2011-07-22,163300.0,60.592
2011-07-25,162061.0,60.471999999999994
2011-07-26,161318.0,60.622
2011-07-27,159121.0,59.082
2011-07-28,158729.0,59.181999999999995
2011-07-29,157894.0,58.992
2011-08-01,157719.0,58.721999999999994
2011-08-02,155091.0,57.262
2011-08-03,155612.0,57.802
2011-08-04,150152.0,55.162
2011-08-05,150842.0,54.821999999999996
2011-08-08,144060.0,51.582
2011-08-09,148873.0,54.022
2011-08-10,143115.0,51.852
2011-08-11,147392.0,54.092
2011-08-12,149322.0,54.562
2011-08-15,151596.0,55.352
2011-08-16,151203.0,54.891999999999996
2011-08-17,151808.0,54.571999999999996
2011-08-18,147555.0,51.942
2011-08-19,145629.0,51.022
2011-08-22,146029.0,51.202
2011-08-23,149454.0,53.272
2011-08-24,150700.0,53.681999999999995
2011-08-25,148694.0,52.821999999999996
2011-08-26,150412.0,54.122
2011-08-29,153238.0,55.602
2011-08-30,153709.0,55.961999999999996
2011-08-31,154486.0,56.052
2011-09-01,156498.0,55.552
2011-09-02,160706.0,54.272
2011-09-06,161830.0,54.282
2011-09-07,159099.0,55.632
2011-09-08,160635.0,55.382
2011-09-09,161436.0,54.172
2011-09-12,161168.0,54.852
2011-09-13,159693.0,55.571999999999996
2011-09-14,160771.0,56.352
2011-09-15,158765.0,57.172
2011-09-16,159907.0,57.68600000000001
2011-09-19,161789.0,57.706
2011-09-20,162624.0,57.456
2011-09-21,166151.0,56.476
2011-09-22,170036.0,54.676
2011-09-23,166447.0,55.245999999999995
2011-09-26,164383.0,55.876000000000005
2011-09-27,162923.0,56.446
2011-09-28,162082.0,55.626000000000005
2011-09-29,163318.0,54.976
2011-09-30,166655.0,53.586
2011-10-03,168991.0,52.236000000000004
2011-10-04,167594.0,53.286
2011-10-05,167585.0,54.626000000000005
2011-10-06,166261.0,55.525999999999996
2011-10-07,165159.0,55.166
2011-10-10,165268.0,57.036
2011-10-11,164717.0,57.416
2011-10-12,163644.0,57.696
2011-10-13,164456.0,58.215999999999994
2011-10-14,163629.0,59.275999999999996
2011-10-17,164598.0,58.376000000000005
2011-10-18,164390.0,59.086
2011-10-19,163793.0,57.965999999999994
2011-10-20,162864.0,57.68600000000001
2011-10-21,162745.0,58.396
2011-10-24,163503.0,59.586
2011-10-25,166145.0,58.43600000000001
2011-10-26,164997.0,58.366
2011-10-27,162925.0,59.946
2011-10-28,164009.0,60.036
2011-10-31,167136.0,59.04600000000001
2011-11-01,167177.0,57.536
2011-11-02,167535.0,58.016000000000005
2011-11-03,168006.0,59.196
2011-11-04,167588.0,58.896
2011-11-07,168664.0,59.306
2011-11-08,168700.0,59.976
2011-11-09,167133.0,57.906000000000006
2011-11-10,166772.0,57.876000000000005
2011-11-11,168023.0,58.946
2011-11-14,168510.0,58.586
2011-11-15,168748.0,59.226
2011-11-16,168096.0,58.266000000000005
2011-11-17,167481.0,56.926
2011-11-18,167374.0,56.495999999999995
2011-11-21,166148.0,55.43600000000001
2011-11-22,166734.0,55.616
2011-11-23,165711.0,54.385999999999996
2011-11-25,164350.0,53.976
2011-11-28,166630.0,55.816
2011-11-29,166225.0,55.476
2011-11-30,168649.0,57.486000000000004
2011-12-01,167885.0,57.876000000000005
2011-12-02,169224.0,57.715999999999994
2011-12-05,169720.0,58.336
2011-12-06,168822.0,58.176
2011-12-07,169461.0,58.176
2011-12-08,169249.0,57.215999999999994
2011-12-09,168293.0,58.116
2011-12-12,168418.0,57.476
2011-12-13,168760.0,56.855999999999995
2011-12-14,169966.0,55.986000000000004
2011-12-15,169830.0,55.836
2011-12-16,170705.0,56.117
2011-12-19,171355.0,55.577
2011-12-20,170696.0,57.187
2011-12-21,169387.0,56.387
2011-12-22,170379.0,56.857
2011-12-23,169862.0,57.336999999999996
2011-12-27,170064.0,57.546
2011-12-28,171038.0,56.896
2011-12-29,171934.0,57.296
2011-12-30,172770.0,57.135999999999996
2012-01-03,173237.0,58.205999999999996
2012-01-04,172584.0,58.446
2012-01-05,172641.0,58.916
2012-01-06,172908.0,59.116
2012-01-09,172987.0,58.925999999999995
2012-01-10,173662.0,59.346
2012-01-11,174599.0,59.465999999999994
2012-01-12,174729.0,59.696
2012-01-13,174978.0,59.486
2012-01-17,175706.0,60.016
2012-01-18,175869.0,60.796
2012-01-19,175402.0,61.166
2012-01-20,175071.0,61.076
2012-01-23,174403.0,61.096
2012-01-24,174349.0,60.986
2012-01-25,174996.0,61.736
2012-01-26,175495.0,61.525999999999996
2012-01-27,175527.0,61.705999999999996
2012-01-30,176056.0,61.756
2012-01-31,176833.0,61.836
2012-02-01,178081.0,62.326
2012-02-02,178242.0,62.516
2012-02-03,179985.0,63.355999999999995
2012-02-06,179728.0,63.306
2012-02-07,180157.0,63.436
2012-02-08,180407.0,63.766
2012-02-09,180754.0,64.216
2012-02-10,179718.0,63.775999999999996
2012-02-13,180720.0,64.356
2012-02-14,180874.0,64.516
2012-02-15,180084.0,64.07600000000001
2012-02-16,181667.0,64.936
2012-02-17,181907.0,64.736
2012-02-21,181724.0,64.916
2012-02-22,181337.0,64.626
2012-02-23,182067.0,65.046
2012-02-24,182319.0,65.266
2012-02-27,182390.0,65.356
2012-02-28,182793.0,66.006
2012-02-29,182543.0,65.716
2012-03-01,184090.0,66.226
2012-03-02,183750.0,66.176
2012-03-05,181944.0,65.506
2012-03-06,179451.0,64.876
2012-03-07,180447.0,65.366
2012-03-08,182856.0,66.056
2012-03-09,183582.0,66.326
2012-03-12,183399.0,66.356
2012-03-13,186490.0,67.566
2012-03-14,186387.0,67.79599999999999
2012-03-15,187632.0,67.986
2012-03-16,187400.0,67.939
2012-03-19,188221.0,68.40899999999999
2012-03-20,187654.0,68.529
2012-03-21,187504.0,68.539
2012-03-22,186903.0,68.399
2012-03-23,187375.0,68.359
2012-03-26,190384.0,69.529
2012-03-27,190014.0,69.62899999999999
2012-03-28,190745.0,69.359
2012-03-29,190878.0,69.099
2012-03-30,191694.0,68.969
2012-04-02,192553.0,69.669
2012-04-03,192596.0,69.649
2012-04-04,190211.0,68.719
2012-04-05,191135.0,69.139
2012-04-09,188850.0,68.62899999999999
2012-04-10,185566.0,67.54899999999999
2012-04-11,186537.0,67.869
2012-04-12,188367.0,68.62899999999999
2012-04-13,185744.0,67.609
2012-04-16,184818.0,66.869
2012-04-17,188015.0,68.199
2012-04-18,187017.0,68.029
2012-04-19,188835.0,67.279
2012-04-20,189677.0,67.099
2012-04-23,188482.0,66.499
2012-04-24,188668.0,66.149
2012-04-25,192108.0,67.869
2012-04-26,193664.0,68.259
2012-04-27,194239.0,68.65899999999999
2012-04-30,193310.0,68.179
2012-05-01,193764.0,68.289
2012-05-02,194701.0,68.479
2012-05-03,192853.0,67.76899999999999
2012-05-04,189296.0,66.119
2012-05-07,191012.0,66.179
2012-05-08,190363.0,65.939
2012-05-09,189551.0,65.73899999999999
2012-05-10,189695.0,65.609
2012-05-11,190209.0,65.599
2012-05-14,188997.0,64.999
2012-05-15,188472.0,64.789
2012-05-16,187729.0,64.359
2012-05-17,183730.0,63.028999999999996
2012-05-18,181071.0,62.229
2012-05-21,185300.0,63.928999999999995
2012-05-22,184988.0,63.858999999999995
2012-05-23,184833.0,63.979
2012-05-24,184675.0,63.568999999999996
2012-05-25,184833.0,63.489
2012-05-29,186071.0,64.279
2012-05-30,184458.0,63.748999999999995
2012-05-31,183358.0,63.479
2012-06-01,179507.0,61.82899999999999
2012-06-04,179454.0,62.288999999999994
2012-06-05,179816.0,62.538999999999994
2012-06-06,183474.0,63.939
2012-06-07,184194.0,63.689
2012-06-08,185612.0,64.289
2012-06-11,183811.0,63.229
2012-06-12,185721.0,63.979
2012-06-13,184893.0,63.549
2012-06-14,187148.0,63.778999999999996
2012-06-15,187847.0,64.552
2012-06-18,187846.0,65.142
2012-06-19,188826.0,65.80199999999999
2012-06-20,188433.0,65.852
2012-06-21,185097.0,64.252
2012-06-22,186106.0,64.912
2012-06-25,184144.0,63.692
2012-06-26,184655.0,64.08200000000001
2012-06-27,185979.0,64.462
2012-06-28,185961.0,63.762
2012-06-29,190412.0,65.722
2012-07-02,190924.0,65.91199999999999
2012-07-03,191608.0,66.452
2012-07-05,191231.0,66.492
2012-07-06,190432.0,65.682
2012-07-09,190374.0,65.562
2012-07-10,189732.0,64.932
2012-07-11,189364.0,64.58200000000001
2012-07-12,189317.0,63.992
2012-07-13,191557.0,64.94200000000001
2012-07-16,191020.0,64.762
2012-07-17,191610.0,65.092
2012-07-18,192580.0,65.952
2012-07-19,192726.0,66.66199999999999
2012-07-20,191696.0,65.80199999999999
2012-07-23,190447.0,65.022
2012-07-24,189640.0,64.522
2012-07-25,190226.0,64.102
2012-07-26,192548.0,64.932
2012-07-27,194253.0,66.432
2012-07-30,194651.0,66.38199999999999
2012-07-31,194051.0,66.362
2012-08-01,193541.0,66.172
2012-08-02,192121.0,65.942
2012-08-03,195445.0,67.16199999999999
2012-08-06,195612.0,67.66199999999999
2012-08-07,195872.0,68.212
2012-08-08,196435.0,68.182
2012-08-09,196244.0,68.38199999999999
2012-08-10,196591.0,68.422
2012-08-13,196286.0,68.582
2012-08-14,196539.0,68.612
2012-08-15,196650.0,68.782
2012-08-16,197726.0,69.582
2012-08-17,197670.0,69.88199999999999
2012-08-20,197636.0,69.982
2012-08-21,196680.0,69.712
2012-08-22,196252.0,69.992
2012-08-23,194650.0,69.432
2012-08-24,196165.0,69.852
2012-08-27,195959.0,69.962
2012-08-28,195787.0,69.962
2012-08-29,195736.0,69.962
2012-08-30,194453.0,69.27199999999999
2012-08-31,195723.0,69.722
2012-09-04,195442.0,69.652
2012-09-05,195455.0,69.582
2012-09-06,198809.0,71.092
2012-09-07,198562.0,70.992
2012-09-10,197951.0,70.102
2012-09-11,198395.0,69.992
2012-09-12,198432.0,70.192
2012-09-13,201584.0,71.122
2012-09-14,201697.0,71.742
2012-09-17,201473.0,71.77199999999999
2012-09-18,201833.0,71.832
2012-09-19,202109.0,71.962
2012-09-20,202617.0,71.892
2012-09-21,201397.0,71.912
2012-09-24,201412.0,71.502
2012-09-25,199888.0,70.522
2012-09-26,199358.0,69.962
2012-09-27,200397.0,70.902
2012-09-28,200278.0,70.332
2012-10-01,200798.0,70.232
2012-10-02,201599.0,70.432
2012-10-03,202607.0,70.872
2012-10-04,203312.0,71.112
2012-10-05,202960.0,70.742
2012-10-08,201516.0,70.112
2012-10-09,198540.0,69.022
2012-10-10,197169.0,68.682
2012-10-11,197165.0,68.472
2012-10-12,196327.0,68.44200000000001
2012-10-15,197281.0,68.932
2012-10-16,199410.0,69.882
2012-10-17,200525.0,69.842
2012-10-18,198883.0,69.052
2012-10-19,194535.0,67.44200000000001
2012-10-22,194223.0,67.782
2012-10-23,191569.0,67.152
2012-10-24,190777.0,66.922
2012-10-25,190990.0,66.922
2012-10-26,190394.0,67.112
2012-10-31,188861.0,66.712
2012-11-01,191866.0,67.632
2012-11-02,189792.0,66.932
2012-11-05,192006.0,67.362
2012-11-06,193032.0,67.482
2012-11-07,188645.0,65.932
2012-11-08,186394.0,64.922
2012-11-09,187653.0,65.192
2012-11-12,188135.0,65.182
2012-11-13,187363.0,64.74199999999999
2012-11-14,184581.0,64.002
2012-11-15,183701.0,63.792
2012-11-16,185319.0,64.062
2012-11-19,188987.0,65.542
2012-11-20,189869.0,65.562
2012-11-21,190743.0,65.692
2012-11-23,193792.0,66.662
2012-11-26,193837.0,66.94200000000001
2012-11-27,192738.0,66.722
2012-11-28,193980.0,67.282
2012-11-29,195697.0,67.672
2012-11-30,195377.0,67.562
2012-12-03,194631.0,67.432
2012-12-04,194508.0,67.392
2012-12-05,195291.0,66.662
2012-12-06,195847.0,67.082
2012-12-07,196713.0,66.69200000000001
2012-12-10,196902.0,66.882
2012-12-11,197463.0,67.732
2012-12-12,197095.0,67.592
2012-12-13,196382.0,67.072
2012-12-14,196118.0,66.452
2012-12-17,196853.0,67.312
2012-12-18,197659.0,68.312
2012-12-19,196335.0,68.022
2012-12-20,197180.0,68.022
2012-12-21,195006.0,67.32900000000001
2012-12-24,194102.0,67.199
2012-12-26,193489.0,66.629
2012-12-27,193468.0,66.52900000000001
2012-12-28,191660.0,65.909
2012-12-31,194390.0,67.259
2013-01-02,200462.0,69.32900000000001
2013-01-03,200216.0,68.979
2013-01-04,200409.0,68.759
2013-01-07,200328.0,68.77900000000001
2013-01-08,199964.0,68.649
2013-01-09,201092.0,68.899
2013-01-10,201473.0,69.299
2013-01-11,202285.0,69.38900000000001
2013-01-14,202625.0,69.089
2013-01-15,202515.0,68.759
2013-01-16,202420.0,69.02900000000001
2013-01-17,203264.0,69.349
2013-01-18,203425.0,69.199
2013-01-22,204117.0,69.30900000000001
2013-01-23,204236.0,69.71900000000001
2013-01-24,203534.0,68.789
2013-01-25,204934.0,69.129
2013-01-28,204923.0,69.27900000000001
2013-01-29,205282.0,69.289
2013-01-30,204138.0,69.149
2013-01-31,204064.0,68.99900000000001
2013-02-01,206253.0,69.789
2013-02-04,203639.0,68.60900000000001
2013-02-05,206092.0,69.589
2013-02-06,205802.0,69.369
2013-02-07,205167.0,69.429
2013-02-08,207112.0,70.119
2013-02-11,206697.0,70.13900000000001
2013-02-12,206060.0,69.85900000000001
2013-02-13,206472.0,70.099
2013-02-14,206754.0,70.07900000000001
2013-02-15,206484.0,69.879
2013-02-19,207546.0,70.369
2013-02-20,204864.0,69.319
2013-02-21,203028.0,68.599
2013-02-22,205303.0,69.269
2013-02-25,202729.0,68.43900000000001
2013-02-26,203622.0,68.68900000000001
2013-02-27,206343.0,69.369
2013-02-28,206638.0,69.229
2013-03-01,207980.0,69.509
2013-03-04,209238.0,69.80900000000001
2013-03-05,211600.0,70.80900000000001
2013-03-06,211600.0,70.63900000000001
2013-03-07,212269.0,70.819
2013-03-08,212786.0,70.899
2013-03-11,213385.0,71.099
2013-03-12,213268.0,70.849
2013-03-13,213221.0,70.759
2013-03-14,214158.0,70.989
2013-03-15,213073.0,70.798
2013-03-18,212223.0,70.648
2013-03-19,211752.0,70.518
2013-03-20,213280.0,70.99799999999999
2013-03-21,211542.0,70.218
2013-03-22,213055.0,70.878
2013-03-25,212088.0,70.628
2013-03-26,213026.0,70.99799999999999
2013-03-27,213947.0,71.088
2013-03-28,215346.0,71.258
2013-04-01,215268.0,70.788
2013-04-02,216837.0,71.328
2013-04-03,214904.0,70.698
2013-04-04,215886.0,70.718
2013-04-05,214921.0,70.148
2013-04-08,216346.0,70.508
2013-04-09,216873.0,70.968
2013-04-10,218773.0,72.30799999999999
2013-04-11,219699.0,72.27799999999999
2013-04-12,219880.0,72.228
2013-04-15,215966.0,70.848
2013-04-16,218859.0,71.758
2013-04-17,216696.0,70.398
2013-04-18,215730.0,69.458
2013-04-19,216870.0,70.378
2013-04-22,217296.0,71.078
2013-04-23,219362.0,71.738
2013-04-24,218067.0,71.708
2013-04-25,218646.0,72.078
2013-04-26,218690.0,71.85799999999999
2013-04-29,219934.0,72.49799999999999
2013-04-30,220127.0,73.008
2013-05-01,218961.0,72.678
2013-05-02,220361.0,73.568
2013-05-03,221617.0,74.408
2013-05-06,221236.0,74.688
2013-05-07,222432.0,74.648
2013-05-08,223187.0,74.99799999999999
2013-05-09,222570.0,74.898
2013-05-10,222877.0,75.338
2013-05-13,222732.0,75.428
2013-05-14,224567.0,75.80799999999999
2013-05-15,225935.0,75.958
2013-05-16,225346.0,75.878
2013-05-17,226014.0,76.588
2013-05-20,225264.0,76.478
2013-05-21,225863.0,76.55799999999999
2013-05-22,224821.0,75.908
2013-05-23,224518.0,75.738
2013-05-24,225109.0,75.698
2013-05-28,225874.0,76.178
2013-05-29,223838.0,75.828
2013-05-30,223854.0,76.218
2013-05-31,221028.0,75.538
2013-06-03,220579.0,75.66799999999999
2013-06-04,218787.0,75.288
2013-06-05,215006.0,74.338
2013-06-06,217275.0,74.688
2013-06-07,220688.0,75.678
2013-06-10,220561.0,75.708
2013-06-11,218812.0,74.978
2013-06-12,216484.0,74.13799999999999
2013-06-13,219143.0,75.048
2013-06-14,217105.0,74.568
2013-06-17,218334.0,75.268
2013-06-18,220366.0,75.868
2013-06-19,217850.0,75.048
2013-06-20,212442.0,73.318
2013-06-21,211929.0,72.94200000000001
2013-06-24,210470.0,72.242
2013-06-25,212227.0,72.752
2013-06-26,215474.0,73.382
2013-06-27,217022.0,73.682
2013-06-28,216849.0,73.782
2013-07-01,219046.0,74.222
2013-07-02,218931.0,74.252
2013-07-03,219230.0,74.542
2013-07-05,220369.0,75.092
2013-07-08,220732.0,75.162
2013-07-09,221848.0,75.602
2013-07-10,223035.0,76.022
2013-07-11,227479.0,77.482
2013-07-12,229459.0,77.812
2013-07-15,230058.0,77.982
2013-07-16,229262.0,77.882
2013-07-17,229825.0,78.072
2013-07-18,229185.0,77.882
2013-07-19,228849.0,77.102
2013-07-22,229441.0,77.322
2013-07-23,227218.0,76.772
2013-07-24,227431.0,77.012
2013-07-25,228236.0,77.482
2013-07-26,228908.0,77.882
2013-07-29,227475.0,77.742
2013-07-30,228829.0,78.142
2013-07-31,229324.0,78.282
2013-08-01,232230.0,79.052
2013-08-02,232514.0,79.482
2013-08-05,232508.0,79.532
2013-08-06,230115.0,79.072
2013-08-07,229261.0,78.932
2013-08-08,229875.0,79.312
2013-08-09,228964.0,79.002
2013-08-12,228464.0,79.182
2013-08-13,228900.0,79.612
2013-08-14,227858.0,79.322
2013-08-15,223653.0,78.022
2013-08-16,223169.0,77.992
2013-08-19,222234.0,77.862
2013-08-20,223706.0,78.19200000000001
2013-08-21,224293.0,77.932
2013-08-22,226326.0,78.672
2013-08-23,226727.0,79.182
2013-08-26,227741.0,79.222
2013-08-27,222576.0,77.652
2013-08-28,223869.0,77.94200000000001
2013-08-29,225326.0,78.472
2013-08-30,223694.0,77.982
2013-09-03,225780.0,78.412
2013-09-04,228608.0,79.222
2013-09-05,229085.0,79.352
2013-09-06,229380.0,79.44200000000001
2013-09-09,232760.0,80.342
2013-09-10,233745.0,80.722
2013-09-11,233790.0,80.572
2013-09-12,233817.0,80.522
2013-09-13,234060.0,80.572
2013-09-16,234422.0,80.362
2013-09-17,235888.0,80.882
2013-09-18,238196.0,81.822
2013-09-19,237984.0,82.012
2013-09-20,235842.0,81.74
2013-09-23,234439.0,81.58
2013-09-24,234216.0,81.58
2013-09-25,233302.0,81.31
2013-09-26,235576.0,81.92
2013-09-27,234451.0,81.82
2013-09-30,233717.0,81.63
2013-10-01,234866.0,82.43
2013-10-02,234114.0,82.4
2013-10-03,232337.0,81.47
2013-10-04,233327.0,82.15
2013-10-07,231593.0,81.49
2013-10-08,229944.0,79.97
2013-10-09,230210.0,79.73
2013-10-10,234899.0,81.36
2013-10-11,236372.0,81.98
2013-10-14,237303.0,82.54
2013-10-15,235163.0,82.23
2013-10-16,238562.0,83.13
2013-10-17,239498.0,83.59
2013-10-18,239900.0,84.9
2013-10-21,239676.0,85.08
2013-10-22,241392.0,85.2
2013-10-23,241014.0,84.7
2013-10-24,241854.0,85.06
2013-10-25,242752.0,85.65
2013-10-28,243614.0,85.67
2013-10-29,245407.0,85.81
2013-10-30,244061.0,85.73
2013-10-31,243246.0,85.54
2013-11-01,243839.0,85.56
2013-11-04,244174.0,85.68
2013-11-05,243891.0,85.77
2013-11-06,245921.0,85.75
2013-11-07,243550.0,84.19
2013-11-08,245249.0,85.29
2013-11-11,245090.0,85.16
2013-11-12,245018.0,85.29
2013-11-13,246443.0,86.29
2013-11-14,247740.0,86.55
2013-11-15,248453.0,86.71
2013-11-18,248380.0,85.89
2013-11-19,247856.0,85.65
2013-11-20,246735.0,85.45
2013-11-21,248032.0,86.29
2013-11-22,249120.0,86.74
2013-11-25,249213.0,86.94
2013-11-26,249117.0,87.38
2013-11-27,249503.0,87.97
2013-11-29,249513.0,88.48
2013-12-02,248692.0,88.23
2013-12-03,247303.0,88.16
2013-12-04,247018.0,88.24
2013-12-05,246615.0,88.13
2013-12-06,248812.0,88.75
2013-12-09,249051.0,89.1
2013-12-10,248311.0,89.04
2013-12-11,244354.0,87.93
2013-12-12,244363.0,87.71
2013-12-13,244266.0,87.6
2013-12-16,245515.0,88.07
2013-12-17,244428.0,87.9
2013-12-18,248621.0,88.89
2013-12-19,248245.0,88.65
2013-12-20,250135.0,89.522
2013-12-23,253041.0,90.432
2013-12-24,253368.0,90.47200000000001
2013-12-26,254514.0,90.762
2013-12-27,253962.0,90.542
2013-12-30,253720.0,90.412
2013-12-31,255166.0,90.982
2014-01-02,254053.0,90.292
2014-01-03,252947.0,89.662
2014-01-06,252148.0,89.342
2014-01-07,254850.0,90.14200000000001
2014-01-08,255975.0,90.33200000000001
2014-01-09,256584.0,90.042
2014-01-10,258607.0,90.322
2014-01-13,254632.0,89.03200000000001
2014-01-14,260405.0,90.67200000000001
2014-01-15,261847.0,91.39200000000001
2014-01-16,262749.0,91.402
2014-01-17,262061.0,90.902
2014-01-21,264653.0,91.572
2014-01-22,264495.0,91.802
2014-01-23,263760.0,91.50200000000001
2014-01-24,257388.0,89.762
2014-01-27,254389.0,88.92200000000001
2014-01-28,256151.0,88.872
2014-01-29,253944.0,87.95200000000001
2014-01-30,258613.0,89.522
2014-01-31,256710.0,89.292
2014-02-03,251590.0,87.31200000000001
2014-02-04,252567.0,87.932
2014-02-05,252594.0,87.712
2014-02-06,255520.0,88.792
2014-02-07,258084.0,90.322
2014-02-10,258414.0,90.822
2014-02-11,261409.0,91.822
2014-02-12,261010.0,91.992
2014-02-13,262125.0,92.652
2014-02-14,263937.0,92.83200000000001
2014-02-18,263398.0,93.272
2014-02-19,262172.0,92.652
2014-02-20,263379.0,93.072
2014-02-21,262763.0,92.95200000000001
2014-02-24,263965.0,93.432
2014-02-25,264167.0,93.33200000000001
2014-02-26,264469.0,93.25200000000001
2014-02-27,265674.0,93.835
2014-02-28,267096.0,93.735
2014-03-03,265071.0,93.065
2014-03-04,268380.0,94.205
2014-03-05,267911.0,94.455
2014-03-06,268577.0,94.375
2014-03-07,268985.0,93.925
2014-03-10,268720.0,94.005
2014-03-11,268022.0,93.615
2014-03-12,268068.0,93.955
2014-03-13,265418.0,92.675
2014-03-14,264995.0,92.065
2014-03-17,267263.0,92.845
2014-03-18,268522.0,93.925
2014-03-19,266682.0,93.435
2014-03-20,268154.0,93.685
2014-03-21,266949.0,92.601
2014-03-24,266642.0,91.821
2014-03-25,268195.0,92.111
2014-03-26,266873.0,90.971
2014-03-27,266757.0,90.481
2014-03-28,267583.0,90.651
2014-03-31,270379.0,91.271
2014-04-01,271172.0,92.81099999999999
2014-04-02,271784.0,93.041
2014-04-03,271800.0,92.331
2014-04-04,269724.0,89.971
2014-04-07,267738.0,89.151
2014-04-08,268424.0,89.941
2014-04-09,270852.0,91.42099999999999
2014-04-10,266817.0,88.701
2014-04-11,264711.0,87.711
2014-04-14,266970.0,88.371
2014-04-15,268280.0,88.651
2014-04-16,270994.0,89.781
2014-04-17,270790.0,89.801
2014-04-21,271214.0,90.441
2014-04-22,272087.0,91.131
2014-04-23,271729.0,90.361
2014-04-24,272143.0,91.191
2014-04-25,270658.0,89.791
2014-04-28,272449.0,90.071
2014-04-29,273086.0,90.761
2014-04-30,273988.0,90.991
2014-05-01,273890.0,91.251
2014-05-02,273540.0,91.091
2014-05-05,273454.0,91.551
2014-05-06,271734.0,90.411
2014-05-07,273727.0,90.161
2014-05-08,274011.0,90.081
2014-05-09,274685.0,90.401
2014-05-12,275904.0,91.831
2014-05-13,276489.0,91.891
2014-05-14,275315.0,91.431
2014-05-15,273153.0,90.741
2014-05-16,273703.0,91.31099999999999
2014-05-19,273573.0,91.92099999999999
2014-05-20,271909.0,91.601
2014-05-21,273948.0,92.441
2014-05-22,274041.0,92.831
2014-05-23,274970.0,93.481
2014-05-27,276041.0,94.601
2014-05-28,275828.0,94.321
2014-05-29,277087.0,94.901
2014-05-30,278252.0,94.911
2014-06-02,278371.0,94.821
2014-06-03,277896.0,94.781
2014-06-04,278351.0,95.121
2014-06-05,279890.0,95.891
2014-06-06,281199.0,96.42099999999999
2014-06-09,281273.0,96.351
2014-06-10,281387.0,96.511
2014-06-11,280061.0,96.491
2014-06-12,278208.0,95.651
2014-06-13,278623.0,95.92099999999999
2014-06-16,279014.0,96.001
2014-06-17,279418.0,96.051
2014-06-18,281513.0,96.571
2014-06-19,282161.0,96.511
2014-06-20,281279.0,96.61999999999999
2014-06-23,280666.0,96.64
2014-06-24,279145.0,96.55
2014-06-25,279586.0,97.14
2014-06-26,279086.0,97.19
2014-06-27,279380.0,97.6
2014-06-30,279934.0,97.75999999999999
2014-07-01,281645.0,98.78999999999999
2014-07-02,282091.0,98.94999999999999
2014-07-03,283766.0,99.55
2014-07-07,283161.0,99.25999999999999
2014-07-08,281775.0,98.11
2014-07-09,283007.0,98.80999999999999
2014-07-10,282130.0,98.50999999999999
2014-07-11,282522.0,99.11999999999999
2014-07-14,284063.0,99.69
2014-07-15,283387.0,99.36
2014-07-16,284220.0,99.74
2014-07-17,281882.0,98.47
2014-07-18,283986.0,99.97
2014-07-21,283154.0,99.85
2014-07-22,283720.0,100.46
2014-07-23,283511.0,101.08
2014-07-24,283603.0,100.97
2014-07-25,281847.0,100.58999999999999
2014-07-28,281706.0,100.61999999999999
2014-07-29,280579.0,100.44999999999999
2014-07-30,279459.0,100.83
2014-07-31,274419.0,98.86999999999999
2014-08-01,273914.0,98.52
2014-08-04,275836.0,99.16999999999999
2014-08-05,274393.0,98.44
2014-08-06,274645.0,98.36999999999999
2014-08-07,273375.0,98.07
2014-08-08,275830.0,98.75
2014-08-11,277335.0,99.30999999999999
2014-08-12,277067.0,99.27
2014-08-13,280435.0,100.28
2014-08-14,282452.0,100.78
2014-08-15,283215.0,101.25
2014-08-18,285548.0,102.0
2014-08-19,286957.0,102.55
2014-08-20,287524.0,102.55
2014-08-21,287242.0,102.75
2014-08-22,287759.0,102.89999999999999
2014-08-25,292030.0,103.25
2014-08-26,293084.0,103.35
2014-08-27,292993.0,103.36999999999999
2014-08-28,292428.0,103.25999999999999
2014-08-29,294426.0,103.63
2014-09-02,294136.0,103.91999999999999
2014-09-03,294316.0,103.33
2014-09-04,294458.0,103.24
2014-09-05,295702.0,103.74
2014-09-08,294792.0,103.92999999999999
2014-09-09,293396.0,103.1
2014-09-10,294499.0,103.91999999999999
2014-09-11,294410.0,103.83999999999999
2014-09-12,292989.0,103.33
2014-09-15,293799.0,102.36999999999999
2014-09-16,295780.0,103.22999999999999
2014-09-17,295852.0,103.38
2014-09-18,297269.0,104.13
2014-09-19,296596.0,104.068
2014-09-22,295102.0,103.13799999999999
2014-09-23,292930.0,102.868
2014-09-24,295895.0,103.928
2014-09-25,291524.0,101.82799999999999
2014-09-26,293691.0,102.868
2014-09-29,293227.0,102.738
2014-09-30,293904.0,102.878
2014-10-01,290470.0,101.29799999999999
2014-10-02,290581.0,101.29799999999999
2014-10-03,294069.0,102.258
2014-10-06,293910.0,102.04799999999999
2014-10-07,290098.0,100.65799999999999
2014-10-08,294751.0,102.538
2014-10-09,289828.0,100.948
2014-10-10,288684.0,98.52799999999999
2014-10-13,284633.0,97.04799999999999
2014-10-14,284758.0,97.05799999999999
2014-10-15,281750.0,96.458
2014-10-16,280802.0,95.878
2014-10-17,284722.0,97.088
2014-10-20,286424.0,98.478
2014-10-21,289649.0,100.958
2014-10-22,288122.0,100.458
2014-10-23,290592.0,101.90799999999999
2014-10-24,292884.0,102.708
2014-10-27,293183.0,102.77799999999999
2014-10-28,295742.0,104.268
2014-10-29,295277.0,103.898
2014-10-30,298304.0,104.10799999999999
2014-10-31,301294.0,105.488
2014-11-03,301443.0,105.788
2014-11-04,302052.0,105.448
2014-11-05,303679.0,105.458
2014-11-06,304315.0,105.77799999999999
2014-11-07,305393.0,105.68799999999999
2014-11-10,305763.0,106.04799999999999
2014-11-11,305711.0,106.368
2014-11-12,305671.0,106.54799999999999
2014-11-13,306459.0,106.988
2014-11-14,306106.0,107.30799999999999
2014-11-17,306712.0,106.99799999999999
2014-11-18,307687.0,107.768
2014-11-19,307714.0,107.29799999999999
2014-11-20,307879.0,107.758
2014-11-21,309007.0,107.958
2014-11-24,309132.0,108.768
2014-11-25,309697.0,108.928
2014-11-26,310307.0,109.60799999999999
2014-11-28,312265.0,110.098
2014-12-01,310911.0,108.898
2014-12-02,312464.0,109.318
2014-12-03,312409.0,109.508
2014-12-04,312159.0,109.458
2014-12-05,313095.0,109.46799999999999
2014-12-08,311647.0,108.71799999999999
2014-12-09,310727.0,109.04799999999999
2014-12-10,306504.0,107.398
2014-12-11,308178.0,107.88799999999999
2014-12-12,303294.0,106.758
2014-12-15,301204.0,105.698
2014-12-16,299606.0,104.068
2014-12-17,304415.0,105.88799999999999
2014-12-18,311367.0,108.338
2014-12-19,310463.0,108.79499999999999
2014-12-22,313267.0,109.05499999999999
2014-12-23,314626.0,108.68499999999999
2014-12-24,314541.0,108.77499999999999
2014-12-26,314972.0,109.515
2014-12-29,314673.0,109.49499999999999
2014-12-30,313396.0,108.79499999999999
2014-12-31,311400.0,107.725
2015-01-02,311597.0,107.41499999999999
2015-01-05,308280.0,105.905
2015-01-06,307292.0,104.54499999999999
2015-01-07,311007.0,105.835
2015-01-08,315171.0,107.77499999999999
2015-01-09,313252.0,107.095
2015-01-12,312113.0,106.02499999999999
2015-01-13,311791.0,105.99499999999999
2015-01-14,309896.0,105.43499999999999
2015-01-15,309513.0,104.125
2015-01-16,311498.0,105.29499999999999
2015-01-20,312632.0,106.095
2015-01-21,313141.0,106.615
2015-01-22,316620.0,108.505
2015-01-23,314623.0,108.735
2015-01-26,314641.0,108.615
2015-01-27,310679.0,105.91499999999999
2015-01-28,308269.0,105.395
2015-01-29,310936.0,106.365
2015-01-30,307617.0,105.57499999999999
2015-02-02,311056.0,106.455
2015-02-03,315662.0,107.43499999999999
2015-02-04,315769.0,107.345
2015-02-05,318774.0,108.235
2015-02-06,317778.0,107.60499999999999
2015-02-09,315868.0,107.27499999999999
2015-02-10,318823.0,108.875
2015-02-11,319461.0,109.255
2015-02-12,321470.0,110.475
2015-02-13,321754.0,111.38499999999999
2015-02-17,322081.0,111.485
2015-02-18,322461.0,111.63499999999999
2015-02-19,321451.0,112.16499999999999
2015-02-20,323065.0,112.88499999999999
2015-02-23,323074.0,112.99499999999999
2015-02-24,324556.0,113.07499999999999
2015-02-25,324271.0,112.80499999999999
2015-02-26,324405.0,113.35499999999999
2015-02-27,324220.0,112.875
2015-03-02,326142.0,113.85499999999999
2015-03-03,324769.0,113.345
2015-03-04,322816.0,112.925
2015-03-05,323577.0,113.115
2015-03-06,318275.0,111.88499999999999
2015-03-09,320435.0,112.195
2015-03-10,315291.0,110.195
2015-03-11,314194.0,109.585
2015-03-12,318713.0,110.27499999999999
2015-03-13,316288.0,109.815
2015-03-16,320240.0,111.175
2015-03-17,318158.0,111.345
2015-03-18,321635.0,112.395
2015-03-19,319911.0,112.55499999999999
2015-03-20,322034.0,113.253
2015-03-23,321986.0,113.04299999999999
2015-03-24,320212.0,112.653
2015-03-25,316326.0,110.18299999999999
2015-03-26,315340.0,109.823
2015-03-27,316358.0,110.243
2015-03-30,320424.0,111.453
2015-03-31,318254.0,110.323
2015-04-01,316889.0,109.773
2015-04-02,316380.0,109.843
2015-04-06,317576.0,110.703
2015-04-07,317964.0,110.523
2015-04-08,320676.0,111.363
2015-04-09,321622.0,112.033
2015-04-10,323724.0,112.473
2015-04-13,323630.0,112.203
2015-04-14,323234.0,111.893
2015-04-15,324660.0,112.563
2015-04-16,324672.0,112.413
2015-04-17,320806.0,110.733
2015-04-20,323187.0,112.323
2015-04-21,324146.0,112.783
2015-04-22,324412.0,113.373
2015-04-23,326202.0,113.783
2015-04-24,327808.0,115.263
2015-04-27,323496.0,114.983
2015-04-28,321656.0,114.763
2015-04-29,320162.0,114.073
2015-04-30,314845.0,112.353
2015-05-01,317881.0,113.773
2015-05-04,318689.0,113.953
2015-05-05,316024.0,112.173
2015-05-06,315484.0,111.43299999999999
2015-05-07,316796.0,112.073
2015-05-08,320767.0,113.413
2015-05-11,319403.0,112.993
2015-05-12,318706.0,112.503
2015-05-13,318709.0,112.723
2015-05-14,322371.0,114.303
2015-05-15,322640.0,114.303
2015-05-18,322680.0,114.783
2015-05-19,322696.0,114.663
2015-05-20,322235.0,114.733
2015-05-21,322633.0,115.303
2015-05-22,321596.0,115.193
2015-05-26,318467.0,113.923
2015-05-27,320613.0,115.68299999999999
2015-05-28,320198.0,115.43299999999999
2015-05-29,318500.0,114.773
2015-06-01,318425.0,115.143
2015-06-02,317605.0,114.79299999999999
2015-06-03,318433.0,115.123
2015-06-04,315780.0,114.283
2015-06-05,315852.0,114.023
2015-06-08,313638.0,112.913
2015-06-09,312191.0,112.733
2015-06-10,316111.0,114.213
2015-06-11,317588.0,114.373
2015-06-12,314228.0,113.473
2015-06-15,312446.0,112.93299999999999
2015-06-16,314407.0,113.523
2015-06-17,315120.0,113.823
2015-06-18,320296.0,115.413
2015-06-19,319139.0,114.867
2015-06-22,322200.0,115.677
2015-06-23,322622.0,115.76700000000001
2015-06-24,320012.0,115.197
2015-06-25,318974.0,114.977
2015-06-26,317391.0,114.247
2015-06-29,310152.0,111.667
2015-06-30,313300.0,112.047
2015-07-01,316324.0,112.897
2015-07-02,315882.0,112.927
2015-07-06,315320.0,112.677
2015-07-07,318428.0,112.947
2015-07-08,314125.0,111.06700000000001
2015-07-09,314325.0,111.007
2015-07-10,318119.0,112.62700000000001
2015-07-13,321674.0,114.51700000000001
2015-07-14,322773.0,115.23700000000001
2015-07-15,322563.0,115.357
2015-07-16,324588.0,116.917
2015-07-17,324025.0,118.56700000000001
2015-07-20,324361.0,118.95700000000001
2015-07-21,322157.0,118.887
2015-07-22,321622.0,117.59700000000001
2015-07-23,319908.0,117.177
2015-07-24,317300.0,116.077
2015-07-27,315668.0,115.15700000000001
2015-07-28,319113.0,116.107
2015-07-29,320845.0,116.527
2015-07-30,320641.0,117.057
2015-07-31,320362.0,116.927
2015-08-03,319485.0,116.577
2015-08-04,318867.0,116.367
2015-08-05,319687.0,117.227
2015-08-06,317714.0,115.427
2015-08-07,316935.0,115.287
2015-08-10,319868.0,116.547
2015-08-11,317440.0,115.117
2015-08-12,317544.0,115.497
2015-08-13,317203.0,115.31700000000001
2015-08-14,318205.0,115.48700000000001
2015-08-17,319407.0,116.40700000000001
2015-08-18,318351.0,115.837
2015-08-19,315802.0,115.107
2015-08-20,310920.0,112.057
2015-08-21,301755.0,107.37700000000001
2015-08-24,291036.0,103.437
2015-08-25,288000.0,103.06700000000001
2015-08-26,297785.0,108.007
2015-08-27,303398.0,110.617
2015-08-28,303095.0,110.59700000000001
2015-08-31,301516.0,109.287
2015-09-01,301629.0,106.027
2015-09-02,300224.0,108.87700000000001
2015-09-03,300931.0,108.367
2015-09-04,302281.0,107.137
2015-09-08,299971.0,110.01700000000001
2015-09-09,299928.0,108.837
2015-09-10,298747.0,109.967
2015-09-11,300252.0,110.547
2015-09-14,300478.0,110.227
2015-09-15,296662.0,111.467
2015-09-16,296729.0,112.06700000000001
2015-09-17,299645.0,112.107
2015-09-18,302489.0,110.58699999999999
2015-09-21,298899.0,110.917
2015-09-22,301164.0,109.33699999999999
2015-09-23,301236.0,109.417
2015-09-24,303457.0,109.03699999999999
2015-09-25,301414.0,108.157
2015-09-28,303810.0,105.22699999999999
2015-09-29,304340.0,104.707
2015-09-30,304278.0,106.997
2015-10-01,304688.0,107.457
2015-10-02,307874.0,109.247
2015-10-05,307128.0,110.737
2015-10-06,308201.0,110.237
2015-10-07,308305.0,110.86699999999999
2015-10-08,307483.0,111.28699999999999
2015-10-09,308768.0,111.767
2015-10-12,310401.0,112.027
2015-10-13,310489.0,111.33699999999999
2015-10-14,312044.0,111.167
2015-10-15,312336.0,112.907
2015-10-16,312436.0,113.357
2015-10-19,311880.0,113.97699999999999
2015-10-20,311029.0,113.417
2015-10-21,311894.0,112.75699999999999
2015-10-22,313903.0,114.94699999999999
2015-10-23,313358.0,118.017
2015-10-26,314246.0,118.08699999999999
2015-10-27,314571.0,118.317
2015-10-28,314640.0,119.25699999999999
2015-10-29,311416.0,119.077
2015-10-30,312336.0,118.567
2015-11-02,314616.0,119.847
2015-11-03,315003.0,120.247
2015-11-04,314171.0,120.25699999999999
2015-11-05,314048.0,119.94699999999999
2015-11-06,313219.0,120.027
2015-11-09,310564.0,118.80699999999999
2015-11-10,311278.0,118.517
2015-11-11,310439.0,118.377
2015-11-12,306528.0,117.277
2015-11-13,303609.0,115.077
2015-11-16,307790.0,116.657
2015-11-17,307912.0,116.72699999999999
2015-11-18,312082.0,118.86699999999999
2015-11-19,312379.0,118.94699999999999
2015-11-20,312183.0,119.717
2015-11-23,312667.0,119.387
2015-11-24,313164.0,119.28699999999999
2015-11-25,313396.0,119.387
2015-11-27,313708.0,119.547
2015-11-30,312612.0,119.25699999999999
2015-12-01,315112.0,120.39699999999999
2015-12-02,312670.0,119.687
2015-12-03,306685.0,117.747
2015-12-04,313770.0,120.377
2015-12-07,309874.0,119.857
2015-12-08,310709.0,119.86699999999999
2015-12-09,306641.0,118.127
2015-12-10,308160.0,118.637
2015-12-11,301100.0,116.027
2015-12-14,302201.0,116.86699999999999
2015-12-15,306674.0,117.547
2015-12-16,312166.0,119.217
2015-12-17,307764.0,117.55699999999999
2015-12-18,302055.0,115.40899999999999
2015-12-21,305407.0,116.62899999999999
2015-12-22,307034.0,117.359
2015-12-23,310090.0,118.189
2015-12-24,310441.0,118.169
2015-12-28,309962.0,118.109
2015-12-29,314369.0,119.87899999999999
2015-12-30,311835.0,118.84899999999999
2015-12-31,309371.0,117.439
2016-01-04,310908.0,115.079
2016-01-05,310179.0,114.889
2016-01-06,313200.0,113.839
2016-01-07,313197.0,110.449
2016-01-08,313552.0,109.589
2016-01-11,310783.0,109.90899999999999
2016-01-12,314095.0,111.119
2016-01-13,315566.0,107.479
2016-01-14,313314.0,109.64899999999999
2016-01-15,316338.0,106.419
2016-01-19,315655.0,106.639
2016-01-20,318083.0,106.329
2016-01-21,316801.0,106.42899999999999
2016-01-22,316390.0,109.34899999999999
2016-01-25,317520.0,107.809
2016-01-26,318812.0,108.729
2016-01-27,318398.0,106.15899999999999
2016-01-28,318511.0,107.579
2016-01-29,321661.0,109.70899999999999
2016-02-01,321166.0,109.98899999999999
2016-02-02,323103.0,107.729
2016-02-03,322782.0,107.23899999999999
2016-02-04,324613.0,107.229
2016-02-05,324208.0,103.699
2016-02-08,327990.0,102.199
2016-02-09,328059.0,101.89899999999999
2016-02-10,329851.0,102.26899999999999
2016-02-11,331904.0,102.12899999999999
2016-02-12,330013.0,103.59899999999999
2016-02-16,327718.0,105.809
2016-02-17,328263.0,108.079
2016-02-18,331534.0,106.90899999999999
2016-02-19,331119.0,107.20899999999999
2016-02-22,331354.0,108.859
2016-02-23,331852.0,107.15899999999999
2016-02-24,331956.0,108.12899999999999
2016-02-25,333901.0,109.139
2016-02-26,331414.0,109.009
2016-02-29,332701.0,108.079
2016-03-01,329189.0,111.369
2016-03-02,330655.0,111.40899999999999
2016-03-03,332470.0,111.20899999999999
2016-03-04,331163.0,111.249
2016-03-07,331472.0,110.59899999999999
2016-03-08,333263.0,109.729
2016-03-09,331691.0,110.39899999999999
2016-03-10,331547.0,110.23899999999999
2016-03-11,329292.0,112.06899999999999
2016-03-14,329393.0,112.249
2016-03-15,329647.0,112.20899999999999
2016-03-16,331655.0,113.15899999999999
2016-03-17,332859.0,113.09899999999999
2016-03-18,333328.0,113.26700000000001
2016-03-21,331370.0,113.68700000000001
2016-03-22,331378.0,114.01700000000001
2016-03-23,332504.0,113.12700000000001
2016-03-24,332498.0,113.15700000000001
2016-03-28,332953.0,113.007
2016-03-29,336596.0,114.727
2016-03-30,333814.0,115.257
2016-03-31,336065.0,115.09700000000001
2016-04-01,338566.0,116.257
2016-04-04,337785.0,115.837
2016-04-05,335259.0,114.777
2016-04-06,337833.0,116.56700000000001
2016-04-07,334322.0,114.977
2016-04-08,335367.0,114.897
2016-04-11,334348.0,114.497
2016-04-12,337189.0,115.40700000000001
2016-04-13,338960.0,116.807
2016-04-14,338753.0,116.81700000000001
2016-04-15,338802.0,116.537
2016-04-18,340876.0,117.12700000000001
2016-04-19,341569.0,116.447
2016-04-20,341035.0,116.537
2016-04-21,337947.0,116.54700000000001
2016-04-22,338513.0,114.87700000000001
2016-04-25,338670.0,114.87700000000001
2016-04-26,338472.0,114.34700000000001
2016-04-27,339696.0,113.477
2016-04-28,337072.0,112.177
2016-04-29,336065.0,111.617
2016-05-02,338947.0,112.617
2016-05-03,334526.0,111.62700000000001
2016-05-04,329839.0,110.947
2016-05-05,330031.0,110.917
2016-05-06,330933.0,111.477
2016-05-09,333838.0,111.777
2016-05-10,337378.0,113.227
2016-05-11,332300.0,112.257
2016-05-12,330350.0,111.787
2016-05-13,329870.0,111.397
2016-05-16,335039.0,112.717
2016-05-17,331773.0,111.37700000000001
2016-05-18,333544.0,111.757
2016-05-19,331079.0,111.20700000000001
2016-05-20,334902.0,112.367
2016-05-23,335521.0,112.227
2016-05-24,341117.0,114.357
2016-05-25,344261.0,115.137
2016-05-26,343363.0,115.45700000000001
2016-05-27,345740.0,116.027
2016-05-31,347414.0,116.23700000000001
2016-06-01,348100.0,116.247
2016-06-02,351237.0,116.477
2016-06-03,348590.0,115.95700000000001
2016-06-06,351774.0,116.357
2016-06-07,349879.0,116.07700000000001
2016-06-08,350962.0,116.26700000000001
2016-06-09,348228.0,116.087
2016-06-10,343496.0,114.837
2016-06-13,340119.0,113.927
2016-06-14,339432.0,113.927
2016-06-15,338909.0,113.617
2016-06-16,339736.0,113.93700000000001
2016-06-17,335145.0,112.67399999999999
2016-06-20,337805.0,113.344
2016-06-21,336977.0,113.684
2016-06-22,337020.0,113.42399999999999
2016-06-23,342227.0,114.954
2016-06-24,328459.0,110.474
2016-06-27,321106.0,108.404
2016-06-28,329271.0,110.64399999999999
2016-06-29,334981.0,112.494
2016-06-30,339133.0,113.724
2016-07-01,339548.0,114.264
2016-07-05,339344.0,113.604
2016-07-06,340410.0,114.484
2016-07-07,340013.0,114.804
2016-07-08,344134.0,116.484
2016-07-11,344673.0,117.114
2016-07-12,344893.0,117.67399999999999
2016-07-13,346131.0,117.404
2016-07-14,346984.0,118.164
2016-07-15,346509.0,117.984
2016-07-18,346632.0,118.724
2016-07-19,347112.0,118.314
2016-07-20,347000.0,119.624
2016-07-21,345918.0,119.364
2016-07-22,347077.0,119.834
2016-07-25,346179.0,119.844
2016-07-26,345308.0,119.974
2016-07-27,344371.0,120.764
2016-07-28,344535.0,121.164
2016-07-29,345330.0,121.414
2016-08-01,345109.0,122.024
2016-08-02,343690.0,121.14399999999999
2016-08-03,343719.0,121.524
2016-08-04,344076.0,121.854
2016-08-05,346610.0,122.964
2016-08-08,346501.0,122.834
2016-08-09,346905.0,123.104
2016-08-10,346897.0,122.804
2016-08-11,348418.0,123.304
2016-08-12,348267.0,123.384
2016-08-15,348838.0,123.884
2016-08-16,347343.0,123.234
2016-08-17,348069.0,123.444
2016-08-18,348768.0,123.474
2016-08-19,347329.0,123.444
2016-08-22,347243.0,123.53399999999999
2016-08-23,347335.0,123.744
2016-08-24,346242.0,122.984
2016-08-25,345517.0,122.794
2016-08-26,344324.0,122.964
2016-08-29,346231.0,123.124
2016-08-30,345236.0,122.744
2016-08-31,345262.0,122.624
2016-09-01,345480.0,122.92399999999999
2016-09-02,347269.0,123.304
2016-09-06,348126.0,124.03399999999999
2016-09-07,347270.0,124.104
2016-09-08,346077.0,123.414
2016-09-09,338063.0,120.464
2016-09-12,343099.0,122.514
2016-09-13,338517.0,121.474
2016-09-14,337800.0,122.024
2016-09-15,341032.0,123.824
2016-09-16,338326.0,123.768
2016-09-19,338150.0,123.258
2016-09-20,338479.0,123.478
2016-09-21,341266.0,124.628
2016-09-22,343487.0,125.568
2016-09-23,341436.0,124.80799999999999
2016-09-26,338422.0,123.818
2016-09-27,340474.0,124.978
2016-09-28,342078.0,125.178
2016-09-29,338662.0,124.318
2016-09-30,342736.0,125.198
2016-10-03,341410.0,125.02799999999999
2016-10-04,339193.0,124.848
2016-10-05,340235.0,125.268
2016-10-06,340093.0,125.208
2016-10-07,339474.0,124.948
2016-10-10,340303.0,125.698
2016-10-11,337473.0,123.99799999999999
2016-10-12,338236.0,123.898
2016-10-13,337770.0,123.478
2016-10-14,337754.0,123.618
2016-10-17,336865.0,123.29799999999999
2016-10-18,338084.0,124.338
2016-10-19,338274.0,124.32799999999999
2016-10-20,337747.0,124.18799999999999
2016-10-21,337996.0,124.628
2016-10-24,339309.0,126.04799999999999
2016-10-25,339174.0,125.66799999999999
2016-10-26,339047.0,124.85799999999999
2016-10-27,337919.0,124.318
2016-10-28,337991.0,123.57799999999999
2016-10-31,338467.0,123.46799999999999
2016-11-01,336583.0,122.588
2016-11-02,335244.0,121.658
2016-11-03,334145.0,120.52799999999999
2016-11-04,332810.0,120.128
2016-11-07,339341.0,122.82799999999999
2016-11-08,341064.0,123.588
2016-11-09,343097.0,124.128
2016-11-10,343137.0,122.228
2016-11-11,343333.0,122.27799999999999
2016-11-14,343540.0,121.10799999999999
2016-11-15,345059.0,122.698
2016-11-16,344594.0,123.38799999999999
2016-11-17,345006.0,124.238
2016-11-18,343648.0,123.79799999999999
2016-11-21,345560.0,125.018
2016-11-22,346871.0,125.378
2016-11-23,347031.0,124.898
2016-11-25,348701.0,125.27799999999999
2016-11-28,348116.0,125.008
2016-11-29,348783.0,125.41799999999999
2016-11-30,347955.0,123.978
2016-12-01,343292.0,121.948
2016-12-02,344107.0,122.178
2016-12-05,346408.0,123.07799999999999
2016-12-06,347947.0,123.35799999999999
2016-12-07,348316.0,124.838
2016-12-08,349652.0,125.04799999999999
2016-12-09,351547.0,125.978
2016-12-12,350460.0,125.43799999999999
2016-12-13,353309.0,126.93799999999999
2016-12-14,352510.0,126.68799999999999
2016-12-15,355201.0,126.878
2016-12-16,353010.0,126.43299999999999
2016-12-19,352726.0,126.923
2016-12-20,354803.0,127.383
2016-12-21,352655.0,127.29299999999999
2016-12-22,351416.0,126.953
2016-12-23,353739.0,127.033
2016-12-27,353971.0,127.65299999999999
2016-12-28,350822.0,126.713
2016-12-29,350075.0,126.54299999999999
2016-12-30,348376.0,125.313
2017-01-03,351581.0,126.373
2017-01-04,356591.0,127.023
2017-01-05,357281.0,127.703
2017-01-06,360614.0,128.763
2017-01-09,361417.0,129.163
2017-01-10,362248.0,129.433
2017-01-11,359324.0,129.763
2017-01-12,359947.0,129.57299999999998
2017-01-13,360687.0,129.993
2017-01-17,357612.0,129.623
2017-01-18,359225.0,129.873
2017-01-19,358030.0,129.813
2017-01-20,358187.0,130.083
2017-01-23,356854.0,130.183
2017-01-24,358498.0,131.013
2017-01-25,361824.0,132.263
2017-01-26,361360.0,132.393
2017-01-27,362912.0,132.63299999999998
2017-01-30,359354.0,131.653
2017-01-31,362506.0,131.403
2017-02-01,364223.0,132.263
2017-02-02,363899.0,132.153
2017-02-03,366394.0,132.513
2017-02-06,366911.0,132.663
2017-02-07,366875.0,133.123
2017-02-08,367199.0,133.333
2017-02-09,369877.0,133.793
2017-02-10,370773.0,134.213
2017-02-13,373178.0,134.933
2017-02-14,375996.0,135.363
2017-02-15,378762.0,136.123
2017-02-16,377989.0,136.083
2017-02-17,379371.0,136.643
2017-02-21,380284.0,137.283
2017-02-22,379109.0,137.333
2017-02-23,377891.0,136.843
2017-02-24,378512.0,137.093
2017-02-27,382871.0,137.253
2017-02-28,382907.0,136.853
2017-03-01,387415.0,138.273
2017-03-02,385853.0,137.613
2017-03-03,385496.0,137.853
2017-03-06,384416.0,137.563
2017-03-07,383799.0,137.343
2017-03-08,382861.0,137.573
2017-03-09,383162.0,137.673
2017-03-10,384340.0,138.22299999999998
2017-03-13,384209.0,138.443
2017-03-14,383278.0,138.123
2017-03-15,385623.0,138.933
2017-03-16,385533.0,138.843
2017-03-17,383755.0,138.797
2017-03-20,383862.0,138.917
2017-03-21,380457.0,136.917
2017-03-22,380416.0,137.797
2017-03-23,380024.0,137.467
2017-03-24,379159.0,137.737
2017-03-27,378440.0,137.947
2017-03-28,380644.0,138.74699999999999
2017-03-29,380395.0,139.357
2017-03-30,381045.0,139.577
2017-03-31,381033.0,139.487
2017-04-03,380679.0,139.407
2017-04-04,381464.0,139.617
2017-04-05,380700.0,139.077
2017-04-06,381038.0,139.147
2017-04-07,381208.0,139.077
2017-04-10,381558.0,139.127
2017-04-11,381477.0,138.557
2017-04-12,380957.0,138.027
2017-04-13,378733.0,137.507
2017-04-17,381889.0,138.587
2017-04-18,381033.0,138.387
2017-04-19,379177.0,138.597
2017-04-20,381381.0,139.697
2017-04-21,380424.0,139.667
2017-04-24,384261.0,141.267
2017-04-25,387507.0,142.237
2017-04-26,386366.0,142.047
2017-04-27,386368.0,142.857
2017-04-28,385874.0,143.097
2017-05-01,385403.0,144.307
2017-05-02,384928.0,144.537
2017-05-03,385070.0,144.097
2017-05-04,385913.0,144.147
2017-05-05,387032.0,144.647
2017-05-08,387152.0,144.947
2017-05-09,386384.0,145.427
2017-05-10,386391.0,145.507
2017-05-11,386232.0,145.397
2017-05-12,385541.0,145.707
2017-05-15,387169.0,146.147
2017-05-16,387050.0,146.727
2017-05-17,382212.0,143.177
2017-05-18,383017.0,144.367
2017-05-19,384802.0,144.947
2017-05-22,386619.0,146.107
2017-05-23,387360.0,146.24699999999999
2017-05-24,388674.0,146.887
2017-05-25,390424.0,148.077
2017-05-26,390782.0,148.327
2017-05-30,390337.0,148.447
2017-05-31,391009.0,148.397
2017-06-01,393835.0,148.947
2017-06-02,394891.0,150.567
2017-06-05,394916.0,150.537
2017-06-06,393947.0,149.967
2017-06-07,394386.0,150.527
2017-06-08,393735.0,150.677
2017-06-09,394432.0,147.087
2017-06-12,394102.0,146.337
2017-06-13,395590.0,147.467
2017-06-14,396752.0,146.857
2017-06-15,396241.0,146.237
2017-06-16,393885.0,145.635
2017-06-19,396319.0,147.945
2017-06-20,394992.0,146.845
2017-06-21,394102.0,148.225
2017-06-22,393187.0,148.18499999999997
2017-06-23,393292.0,148.725
2017-06-26,393894.0,148.065
2017-06-27,391535.0,145.515
2017-06-28,393805.0,147.505
2017-06-29,390428.0,145.075
2017-06-30,392771.0,145.12499999999997
2017-07-03,394133.0,143.67499999999998
2017-07-05,394261.0,145.015
2017-07-06,391617.0,143.77499999999998
2017-07-07,392866.0,145.24499999999998
2017-07-10,392090.0,146.14499999999998
2017-07-11,391744.0,146.535
2017-07-12,394080.0,148.18499999999997
2017-07-13,394434.0,148.49499999999998
2017-07-14,396401.0,149.605
2017-07-17,396471.0,149.67499999999998
2017-07-18,395922.0,150.62499999999997
2017-07-19,397267.0,151.46499999999997
2017-07-20,397164.0,151.65499999999997
2017-07-21,396573.0,151.595
2017-07-24,395714.0,152.255
2017-07-25,397442.0,151.885
2017-07-26,398474.0,152.355
2017-07-27,400516.0,151.445
2017-07-28,399850.0,151.325
2017-07-31,400741.0,150.71499999999997
2017-08-01,400403.0,151.045
2017-08-02,401675.0,151.43499999999997
2017-08-03,401028.0,150.87499999999997
2017-08-04,402372.0,151.135
2017-08-07,404329.0,152.045
2017-08-08,402047.0,151.795
2017-08-09,402058.0,151.605
2017-08-10,393304.0,148.515
2017-08-11,395960.0,149.58499999999998
2017-08-14,399754.0,151.415
2017-08-15,400112.0,151.515
2017-08-16,400630.0,151.765
2017-08-17,393642.0,148.815
2017-08-18,392661.0,148.71499999999997
2017-08-21,392981.0,148.535
2017-08-22,398926.0,150.68499999999997
2017-08-23,397119.0,150.17499999999998
2017-08-24,397926.0,149.755
2017-08-25,397095.0,149.45499999999998
2017-08-28,400857.0,149.89499999999998
2017-08-29,403175.0,150.45499999999998
2017-08-30,406994.0,152.135
2017-08-31,412576.0,153.68499999999997
2017-09-01,413646.0,153.48499999999999
2017-09-05,410922.0,152.17499999999998
2017-09-06,412229.0,152.61499999999998
2017-09-07,412235.0,152.95499999999998
2017-09-08,411753.0,151.695
2017-09-11,415838.0,153.355
2017-09-12,417005.0,153.70499999999998
2017-09-13,417475.0,153.90499999999997
2017-09-14,417858.0,153.045
2017-09-15,417297.0,153.545
2017-09-18,418372.0,153.354
2017-09-19,418538.0,153.604
2017-09-20,417797.0,153.154
2017-09-21,416080.0,152.264
2017-09-22,415448.0,152.124
2017-09-25,415741.0,150.604
2017-09-26,415898.0,150.974
2017-09-27,415691.0,152.264
2017-09-28,416292.0,152.214
2017-09-29,417974.0,153.254
2017-10-02,419566.0,153.38400000000001
2017-10-03,420924.0,153.694
2017-10-04,421543.0,153.834
2017-10-05,423741.0,155.264
2017-10-06,422412.0,155.464
2017-10-09,421980.0,155.294
2017-10-10,423950.0,155.404
2017-10-11,424661.0,155.844
2017-10-12,424770.0,155.574
2017-10-13,425497.0,156.144
2017-10-16,426415.0,156.654
2017-10-17,426466.0,156.844
2017-10-18,428168.0,156.66400000000002
2017-10-19,427767.0,156.114
2017-10-20,429406.0,156.514
2017-10-23,428582.0,155.544
2017-10-24,430098.0,155.794
2017-10-25,428252.0,155.234
2017-10-26,429178.0,154.764
2017-10-27,428957.0,159.044
2017-10-30,426848.0,159.38400000000001
2017-10-31,428373.0,159.954
2017-11-01,427962.0,159.904
2017-11-02,429588.0,159.614
2017-11-03,433351.0,161.074
2017-11-06,432685.0,161.594
2017-11-07,432374.0,161.684
2017-11-08,433386.0,162.304
2017-11-09,430986.0,161.494
2017-11-10,430139.0,161.484
2017-11-13,430319.0,161.674
2017-11-14,428242.0,161.114
2017-11-15,427609.0,160.394
2017-11-16,432906.0,162.344
2017-11-17,431872.0,161.754
2017-11-20,431325.0,161.63400000000001
2017-11-21,435715.0,163.304
2017-11-22,436184.0,163.494
2017-11-24,437721.0,164.064
2017-11-27,436331.0,163.994
2017-11-28,437936.0,164.394
2017-11-29,435468.0,161.66400000000002
2017-11-30,440939.0,162.954
2017-12-01,440712.0,162.294
2017-12-04,442534.0,160.514
2017-12-05,440948.0,160.614
2017-12-06,441326.0,161.304
2017-12-07,441087.0,161.824
2017-12-08,443077.0,162.504
2017-12-11,443814.0,163.704
2017-12-12,445314.0,163.494
2017-12-13,446950.0,163.794
2017-12-14,445386.0,163.684
2017-12-15,446781.0,165.454
2017-12-18,448730.0,166.773
2017-12-19,448253.0,165.833
2017-12-20,447646.0,165.663
2017-12-21,448310.0,165.68300000000002
2017-12-22,448211.0,165.50300000000001
2017-12-26,448270.0,164.65300000000002
2017-12-27,448525.0,164.673
2017-12-28,449145.0,164.863
2017-12-29,449723.0,163.893
2018-01-02,450032.0,166.62300000000002
2018-01-03,451347.0,168.163
2018-01-04,453731.0,168.443
2018-01-05,456963.0,170.053
2018-01-08,457231.0,170.68300000000002
2018-01-09,458521.0,170.693
2018-01-10,457599.0,170.31300000000002
2018-01-11,459997.0,171.423
2018-01-12,462914.0,172.62300000000002
2018-01-16,463188.0,172.15300000000002
2018-01-17,468727.0,173.923
2018-01-18,467253.0,173.953
2018-01-19,469340.0,174.473
2018-01-22,472347.0,176.25300000000001
2018-01-23,471927.0,177.643
2018-01-24,472934.0,176.543
2018-01-25,474312.0,176.483
2018-01-26,477951.0,179.06300000000002
2018-01-29,475149.0,178.233
2018-01-30,469833.0,176.833
2018-01-31,470270.0,177.53300000000002
2018-02-01,469493.0,176.09300000000002
2018-02-02,459743.0,172.74300000000002
2018-02-05,440527.0,166.25300000000001
2018-02-06,450626.0,170.443
2018-02-07,447390.0,168.34300000000002
2018-02-08,428935.0,161.583
2018-02-09,434757.0,164.233
2018-02-12,442445.0,167.00300000000001
2018-02-13,444121.0,167.823
2018-02-14,452756.0,170.81300000000002
2018-02-15,459228.0,173.833
2018-02-16,458122.0,173.09300000000002
2018-02-20,456140.0,173.423
2018-02-21,454092.0,172.953
2018-02-22,454086.0,172.93300000000002
2018-02-23,462493.0,176.303
2018-02-26,467900.0,178.53300000000002
2018-02-27,462346.0,176.423
2018-02-28,456742.0,175.34300000000002
2018-03-01,451641.0,172.613
2018-03-02,456593.0,174.12300000000002
2018-03-05,460908.0,175.96300000000002
2018-03-06,461986.0,176.673
2018-03-07,463217.0,177.06300000000002
2018-03-08,466160.0,177.99300000000002
2018-03-09,471961.0,181.293
2018-03-12,474220.0,182.21300000000002
2018-03-13,470669.0,179.84300000000002
2018-03-14,470998.0,179.81300000000002
2018-03-15,469385.0,179.663
2018-03-16,468190.0,179.15300000000002
2018-03-19,460494.0,175.51
2018-03-20,460606.0,176.06
2018-03-21,460010.0,175.32999999999998
2018-03-22,452097.0,171.21
2018-03-23,443427.0,166.92
2018-03-26,454485.0,172.81
2018-03-27,444587.0,167.49
2018-03-28,443311.0,165.66
2018-03-29,448360.0,168.54
2018-04-02,438271.0,163.92
2018-04-03,445025.0,165.67
2018-04-04,450102.0,168.15
2018-04-05,453568.0,169.06
2018-04-06,444628.0,165.04
2018-04-09,445487.0,166.14
2018-04-10,451392.0,169.62
2018-04-11,448495.0,168.69
2018-04-12,452013.0,170.62
2018-04-13,451103.0,169.78
2018-04-16,455182.0,171.01
2018-04-17,458482.0,174.51
2018-04-18,457101.0,174.85
2018-04-19,452242.0,173.32
2018-04-20,447395.0,170.71
2018-04-23,447100.0,170.29999999999998
2018-04-24,440854.0,166.87
2018-04-25,441882.0,167.06
2018-04-26,445842.0,170.4
2018-04-27,446348.0,170.5
2018-04-30,443721.0,169.35
2018-05-01,441569.0,171.19
2018-05-02,437357.0,170.23
2018-05-03,437462.0,170.21
2018-05-04,442858.0,173.28
2018-05-07,442923.0,174.65
2018-05-08,442370.0,174.48
2018-05-09,444262.0,176.29
2018-05-10,447690.0,178.03
2018-05-11,448954.0,177.87
2018-05-14,449251.0,178.16
2018-05-15,446002.0,176.28
2018-05-16,447348.0,177.39
2018-05-17,447198.0,176.74
2018-05-18,446230.0,175.87
2018-05-21,449742.0,176.81
2018-05-22,447694.0,176.59
2018-05-23,449109.0,178.01
2018-05-24,448803.0,177.96
2018-05-25,448841.0,178.13
2018-05-29,446043.0,177.38
2018-05-30,450717.0,178.59
2018-05-31,446766.0,178.48
2018-06-01,452915.0,181.15
2018-06-04,454364.0,182.71
2018-06-05,454839.0,183.25
2018-06-06,459487.0,184.27
2018-06-07,457209.0,182.84
2018-06-08,458609.0,182.85
2018-06-11,459526.0,183.32
2018-06-12,462021.0,184.24
2018-06-13,460527.0,184.23
2018-06-14,463756.0,186.01
2018-06-15,462728.0,185.39
2018-06-18,460412.0,185.288
2018-06-19,460044.0,184.788
2018-06-20,463621.0,186.038
2018-06-21,458512.0,184.49800000000002
2018-06-22,458564.0,184.108
2018-06-25,448785.0,180.15800000000002
2018-06-26,449206.0,180.858
2018-06-27,442138.0,178.518
2018-06-28,445022.0,179.978
2018-06-29,448823.0,180.43800000000002
2018-07-02,448173.0,181.58800000000002
2018-07-03,447169.0,179.58800000000002
2018-07-05,451392.0,181.708
2018-07-06,453383.0,184.39800000000002
2018-07-09,456827.0,185.978
2018-07-10,460037.0,186.108
2018-07-11,456936.0,185.208
2018-07-12,459648.0,188.24800000000002
2018-07-13,461519.0,188.39800000000002
2018-07-16,461338.0,187.96800000000002
2018-07-17,463293.0,189.05800000000002
2018-07-18,463136.0,188.71800000000002
2018-07-19,461717.0,187.818
2018-07-20,461952.0,187.77800000000002
2018-07-23,460943.0,188.348
2018-07-24,463600.0,189.08800000000002
2018-07-25,466978.0,191.608
2018-07-26,468718.0,188.83800000000002
2018-07-27,467609.0,186.40800000000002
2018-07-30,465648.0,183.89800000000002
2018-07-31,468273.0,185.238
2018-08-01,469389.0,185.90800000000002
2018-08-02,474458.0,188.318
2018-08-03,473785.0,188.86800000000002
2018-08-06,476158.0,189.928
2018-08-07,479769.0,190.58800000000002
2018-08-08,478691.0,190.80800000000002
2018-08-09,478595.0,190.698
2018-08-10,475357.0,189.30800000000002
2018-08-13,473655.0,189.108
2018-08-14,476679.0,190.238
2018-08-15,470742.0,188.018
2018-08-16,474579.0,188.608
2018-08-17,475073.0,188.64800000000002
2018-08-20,475110.0,188.488
2018-08-21,478050.0,189.14800000000002
2018-08-22,479661.0,189.848
2018-08-23,477979.0,189.58800000000002
2018-08-24,480689.0,191.268
2018-08-27,487371.0,193.12800000000001
2018-08-28,487640.0,193.39800000000002
2018-08-29,492281.0,195.52800000000002
2018-08-30,491390.0,195.198
2018-08-31,491596.0,195.43800000000002
2018-09-04,489571.0,194.638
2018-09-05,486429.0,192.238
2018-09-06,481789.0,190.598
2018-09-07,479683.0,189.89800000000002
2018-09-10,480762.0,190.508
2018-09-11,482017.0,191.90800000000002
2018-09-12,481378.0,191.36800000000002
2018-09-13,485200.0,193.318
2018-09-14,484422.0,192.77800000000002
2018-09-17,478917.0,190.12800000000001
2018-09-18,483259.0,191.62800000000001
2018-09-19,483576.0,191.488
2018-09-20,490071.0,193.508
2018-09-21,487809.0,192.49800000000002
2018-09-24,490068.0,193.00799999999998
2018-09-25,490763.0,193.25799999999998
2018-09-26,490521.0,193.388
2018-09-27,493910.0,194.948
2018-09-28,494090.0,194.908
2018-10-01,494666.0,195.28799999999998
2018-10-02,493335.0,194.868
2018-10-03,494121.0,195.06799999999998
2018-10-04,485867.0,191.498
2018-10-05,481829.0,189.268
2018-10-08,478861.0,188.168
2018-10-09,478436.0,188.748
2018-10-10,460354.0,180.84799999999998
2018-10-11,452928.0,178.718
2018-10-12,462381.0,183.438
2018-10-15,458024.0,181.328
2018-10-16,472175.0,186.338
2018-10-17,471805.0,186.408
2018-10-18,462951.0,182.298
2018-10-19,460714.0,182.138
2018-10-22,458528.0,183.028
2018-10-23,456778.0,182.388
2018-10-24,435290.0,174.458
2018-10-25,447932.0,180.178
2018-10-26,439798.0,175.778
2018-10-29,432862.0,172.34799999999998
2018-10-30,439413.0,175.03799999999998
2018-10-31,446140.0,178.938
2018-11-01,447031.0,181.178
2018-11-02,442670.0,178.498
2018-11-05,444183.0,178.078
2018-11-06,444179.0,179.358
2018-11-07,445839.0,184.698
2018-11-08,445675.0,183.578
2018-11-09,446896.0,180.638
2018-11-12,447369.0,175.448
2018-11-13,446991.0,175.588
2018-11-14,447261.0,174.31799999999998
2018-11-15,447731.0,177.208
2018-11-16,450266.0,176.618
2018-11-19,450271.0,171.178
2018-11-20,449255.0,168.278
2018-11-21,449337.0,169.488
2018-11-23,449241.0,168.328
2018-11-26,449252.0,172.00799999999998
2018-11-27,449477.0,172.558
2018-11-28,449456.0,177.81799999999998
2018-11-29,450867.0,177.268
2018-11-30,453173.0,178.488
2018-12-03,456609.0,181.448
2018-12-04,456929.0,174.838
2018-12-06,457351.0,176.00799999999998
2018-12-07,455393.0,170.498
2018-12-10,456472.0,172.188
2018-12-11,456210.0,172.728
2018-12-12,455970.0,174.168
2018-12-13,455318.0,174.218
2018-12-14,453447.0,170.198
2018-12-17,452808.0,166.548
2018-12-18,454150.0,167.53799999999998
2018-12-19,455221.0,163.648
2018-12-20,452993.0,161.408
2018-12-21,449855.0,156.688
2018-12-24,448722.0,153.039
2018-12-26,451387.0,161.999
2018-12-27,453117.0,162.589
2018-12-28,455297.0,162.509
2018-12-31,459221.0,163.79899999999998
2019-01-02,461162.0,164.41899999999998
2019-01-03,464702.0,159.35899999999998
2019-01-04,461346.0,165.76899999999998
2019-01-07,460764.0,167.629
2019-01-08,460084.0,169.059
2019-01-09,460128.0,170.35899999999998
2019-01-10,457648.0,170.819
2019-01-11,459122.0,170.22899999999998
2019-01-14,457763.0,168.809
2019-01-15,456742.0,171.91899999999998
2019-01-16,457469.0,171.88899999999998
2019-01-17,457805.0,173.16899999999998
2019-01-18,455965.0,174.789
2019-01-22,457994.0,171.47899999999998
2019-01-23,457976.0,171.689
2019-01-24,460160.0,172.73899999999998
2019-01-25,459758.0,174.689
2019-01-28,459262.0,172.649
2019-01-29,461446.0,171.10899999999998
2019-01-30,462306.0,175.219
2019-01-31,465524.0,177.69899999999998
2019-02-01,463381.0,176.98899999999998
2019-02-04,462955.0,179.069
2019-02-05,465083.0,180.569
2019-02-06,464667.0,180.059
2019-02-07,465336.0,177.76899999999998
2019-02-08,466567.0,178.099
2019-02-11,465126.0,177.939
2019-02-12,466522.0,180.42899999999997
2019-02-13,465893.0,180.54899999999998
2019-02-14,467387.0,180.759
2019-02-15,469968.0,181.47899999999998
2019-02-19,471776.0,181.819
2019-02-20,471260.0,181.789
2019-02-21,467653.0,181.159
2019-02-22,470332.0,182.42899999999997
2019-02-25,469815.0,183.059
2019-02-26,471049.0,183.23899999999998
2019-02-27,467385.0,183.129
2019-02-28,466550.0,182.72899999999998
2019-03-01,469565.0,183.92899999999997
2019-03-04,466458.0,183.95899999999997
2019-03-05,466509.0,184.089
2019-03-06,460968.0,183.099
2019-03-07,456703.0,180.969
2019-03-08,455701.0,180.70899999999997
2019-03-11,464063.0,184.26899999999998
2019-03-12,466050.0,185.22899999999998
2019-03-13,471103.0,186.54899999999998
2019-03-14,469945.0,186.249
2019-03-15,473690.0,187.88899999999998
2019-03-18,473976.0,188.313
2019-03-19,474702.0,188.913
2019-03-20,473863.0,189.623
2019-03-21,479136.0,192.433
2019-03-22,467376.0,188.423
2019-03-25,467236.0,188.083
2019-03-26,471774.0,188.913
2019-03-27,467751.0,187.763
2019-03-28,470012.0,188.173
2019-03-29,475814.0,189.523
2019-04-01,478993.0,191.903
2019-04-02,477230.0,192.593
2019-04-03,476801.0,193.643
2019-04-04,479359.0,193.573
2019-04-05,480475.0,194.523
2019-04-08,479994.0,194.993
2019-04-09,477849.0,194.343
2019-04-10,478543.0,195.333
2019-04-11,478452.0,194.893
2019-04-12,481860.0,195.693
2019-04-15,482393.0,195.723
2019-04-16,483069.0,196.363
2019-04-17,483622.0,197.013
2019-04-18,,197.253
