Date,Ticker_1,Shares_1,Dividend_1,Price_1,Ticker_2,Shares_2,Dividend_2,Price_2,Ticker_3,Shares_3,Dividend_3,Price_3,Cash,Capital,InOutCash,Bench
2017-01-31,QQQ,64.21650477643092,0.0,124.57,TLT,21.64404662781016,0.0,120.1,0,0.0,0.0,0.0,-600.0000000000006,9998,0,132.19299999999998
2017-02-01,QQQ,64.21650477643092,0.0,125.43,TLT,21.64404662781016,0.259,119.1,0,0.0,0.0,0.0,-600.0000000000006,10032,0,133.053
2017-02-02,QQQ,64.21650477643092,0.0,125.32,TLT,21.64404662781016,0.0,119.05,0,0.0,0.0,0.0,-600.0000000000006,10024,0,132.94299999999998
2017-02-03,QQQ,64.21650477643092,0.0,125.68,TLT,21.64404662781016,0.0,119.0,0,0.0,0.0,0.0,-600.0000000000006,10046,0,133.303
2017-02-06,QQQ,64.21650477643092,0.0,125.83,TLT,21.64404662781016,0.0,119.72,0,0.0,0.0,0.0,-600.0000000000006,10071,0,133.453
2017-02-07,QQQ,64.21650477643092,0.0,126.29,TLT,21.64404662781016,0.0,120.6,0,0.0,0.0,0.0,-600.0000000000006,10120,0,133.913
2017-02-08,QQQ,64.21650477643092,0.0,126.5,TLT,21.64404662781016,0.0,122.24,0,0.0,0.0,0.0,-600.0000000000006,10169,0,134.123
2017-02-09,QQQ,64.21650477643092,0.0,126.96,TLT,21.64404662781016,0.0,120.83,0,0.0,0.0,0.0,-600.0000000000006,10168,0,134.583
2017-02-10,QQQ,64.21650477643092,0.0,127.38,TLT,21.64404662781016,0.0,120.76,0,0.0,0.0,0.0,-600.0000000000006,10193,0,135.003
2017-02-13,QQQ,64.21650477643092,0.0,128.1,TLT,21.64404662781016,0.0,120.38,0,0.0,0.0,0.0,-600.0000000000006,10231,0,135.72299999999998
2017-02-14,QQQ,64.21650477643092,0.0,128.53,TLT,21.64404662781016,0.0,119.51,0,0.0,0.0,0.0,-600.0000000000006,10240,0,136.153
2017-02-15,QQQ,64.21650477643092,0.0,129.29,TLT,21.64404662781016,0.0,118.96,0,0.0,0.0,0.0,-600.0000000000006,10277,0,136.91299999999998
2017-02-16,QQQ,64.21650477643092,0.0,129.25,TLT,21.64404662781016,0.0,119.61,0,0.0,0.0,0.0,-600.0000000000006,10288,0,136.873
2017-02-17,QQQ,64.21650477643092,0.0,129.81,TLT,21.64404662781016,0.0,120.32,0,0.0,0.0,0.0,-600.0000000000006,10340,0,137.433
2017-02-21,QQQ,64.21650477643092,0.0,130.45,TLT,21.64404662781016,0.0,120.11,0,0.0,0.0,0.0,-600.0000000000006,10376,0,138.07299999999998
2017-02-22,QQQ,64.21650477643092,0.0,130.5,TLT,21.64404662781016,0.0,120.31,0,0.0,0.0,0.0,-600.0000000000006,10384,0,138.123
2017-02-23,QQQ,64.21650477643092,0.0,130.01,TLT,21.64404662781016,0.0,120.67,0,0.0,0.0,0.0,-600.0000000000006,10360,0,137.63299999999998
2017-02-24,QQQ,64.21650477643092,0.0,130.26,TLT,21.64404662781016,0.0,122.01,0,0.0,0.0,0.0,-600.0000000000006,10405,0,137.88299999999998
2017-02-27,QQQ,64.21650477643092,0.0,130.42,TLT,21.64404662781016,0.0,121.29,0,0.0,0.0,0.0,-600.0000000000006,10400,0,138.04299999999998
2017-02-28,QQQ,63.91829819886231,0.0,130.02,TLT,22.18632797634488,0.0,121.74,0,0.0,0.0,0.0,-623.2992848862065,10388,0,137.643
2017-03-01,QQQ,63.91829819886231,0.0,131.44,TLT,22.18632797634488,0.234,119.47,0,0.0,0.0,0.0,-623.2992848862065,10428,0,139.063
2017-03-02,QQQ,63.91829819886231,0.0,130.78,TLT,22.18632797634488,0.0,119.04,0,0.0,0.0,0.0,-623.2992848862065,10376,0,138.403
2017-03-03,QQQ,63.91829819886231,0.0,131.02,TLT,22.18632797634488,0.0,119.35,0,0.0,0.0,0.0,-623.2992848862065,10399,0,138.643
2017-03-06,QQQ,63.91829819886231,0.0,130.73,TLT,22.18632797634488,0.0,118.78,0,0.0,0.0,0.0,-623.2992848862065,10368,0,138.35299999999998
2017-03-07,QQQ,63.91829819886231,0.0,130.51,TLT,22.18632797634488,0.0,118.42,0,0.0,0.0,0.0,-623.2992848862065,10345,0,138.13299999999998
2017-03-08,QQQ,63.91829819886231,0.0,130.74,TLT,22.18632797634488,0.0,117.78,0,0.0,0.0,0.0,-623.2992848862065,10346,0,138.363
2017-03-09,QQQ,63.91829819886231,0.0,130.84,TLT,22.18632797634488,0.0,116.84,0,0.0,0.0,0.0,-623.2992848862065,10332,0,138.463
2017-03-10,QQQ,63.91829819886231,0.0,131.39,TLT,22.18632797634488,0.0,117.25,0,0.0,0.0,0.0,-623.2992848862065,10376,0,139.01299999999998
2017-03-13,QQQ,63.91829819886231,0.0,131.61,TLT,22.18632797634488,0.0,116.51,0,0.0,0.0,0.0,-623.2992848862065,10373,0,139.233
2017-03-14,QQQ,63.91829819886231,0.0,131.29,TLT,22.18632797634488,0.0,117.07,0,0.0,0.0,0.0,-623.2992848862065,10365,0,138.91299999999998
2017-03-15,QQQ,63.91829819886231,0.0,132.1,TLT,22.18632797634488,0.0,118.5,0,0.0,0.0,0.0,-623.2992848862065,10449,0,139.72299999999998
2017-03-16,QQQ,63.91829819886231,0.0,132.01,TLT,22.18632797634488,0.0,117.9,0,0.0,0.0,0.0,-623.2992848862065,10430,0,139.63299999999998
2017-03-17,QQQ,63.91829819886231,0.27399999999999997,131.69,TLT,22.18632797634488,0.0,118.64,0,0.0,0.0,0.0,-623.2992848862065,10426,0,139.587
2017-03-20,QQQ,63.91829819886231,0.0,131.81,TLT,22.18632797634488,0.0,119.15,0,0.0,0.0,0.0,-623.2992848862065,10445,0,139.707
2017-03-21,QQQ,63.91829819886231,0.0,129.81,TLT,22.18632797634488,0.0,120.14,0,0.0,0.0,0.0,-623.2992848862065,10339,0,137.707
2017-03-22,QQQ,63.91829819886231,0.0,130.69,TLT,22.18632797634488,0.0,120.62,0,0.0,0.0,0.0,-623.2992848862065,10406,0,138.587
2017-03-23,QQQ,63.91829819886231,0.0,130.36,TLT,22.18632797634488,0.0,120.45,0,0.0,0.0,0.0,-623.2992848862065,10381,0,138.257
2017-03-24,QQQ,63.91829819886231,0.0,130.63,TLT,22.18632797634488,0.0,120.88,0,0.0,0.0,0.0,-623.2992848862065,10408,0,138.527
2017-03-27,QQQ,63.91829819886231,0.0,130.84,TLT,22.18632797634488,0.0,121.43,0,0.0,0.0,0.0,-623.2992848862065,10433,0,138.737
2017-03-28,QQQ,63.91829819886231,0.0,131.64,TLT,22.18632797634488,0.0,120.62,0,0.0,0.0,0.0,-623.2992848862065,10467,0,139.53699999999998
2017-03-29,QQQ,63.91829819886231,0.0,132.25,TLT,22.18632797634488,0.0,121.34,0,0.0,0.0,0.0,-623.2992848862065,10521,0,140.147
2017-03-30,QQQ,63.91829819886231,0.0,132.47,TLT,22.18632797634488,0.0,120.36,0,0.0,0.0,0.0,-623.2992848862065,10514,0,140.367
2017-03-31,QQQ,63.669142611944,0.0,132.38,TLT,22.69297785738524,0.0,120.71,0,0.0,0.0,0.0,-632.1390824226866,10535,0,140.277
2017-04-03,QQQ,63.669142611944,0.0,132.3,TLT,22.69297785738524,0.255,121.67,0,0.0,0.0,0.0,-632.1390824226866,10552,0,140.197
2017-04-04,QQQ,63.669142611944,0.0,132.51,TLT,22.69297785738524,0.0,121.01,0,0.0,0.0,0.0,-632.1390824226866,10550,0,140.40699999999998
2017-04-05,QQQ,63.669142611944,0.0,131.97,TLT,22.69297785738524,0.0,121.38,0,0.0,0.0,0.0,-632.1390824226866,10524,0,139.867
2017-04-06,QQQ,63.669142611944,0.0,132.04,TLT,22.69297785738524,0.0,121.2,0,0.0,0.0,0.0,-632.1390824226866,10525,0,139.93699999999998
2017-04-07,QQQ,63.669142611944,0.0,131.97,TLT,22.69297785738524,0.0,120.71,0,0.0,0.0,0.0,-632.1390824226866,10509,0,139.867
2017-04-10,QQQ,63.669142611944,0.0,132.02,TLT,22.69297785738524,0.0,121.27,0,0.0,0.0,0.0,-632.1390824226866,10525,0,139.917
2017-04-11,QQQ,63.669142611944,0.0,131.45,TLT,22.69297785738524,0.0,122.42,0,0.0,0.0,0.0,-632.1390824226866,10515,0,139.34699999999998
2017-04-12,QQQ,63.669142611944,0.0,130.92,TLT,22.69297785738524,0.0,123.09,0,0.0,0.0,0.0,-632.1390824226866,10496,0,138.81699999999998
2017-04-13,QQQ,63.669142611944,0.0,130.4,TLT,22.69297785738524,0.0,123.47,0,0.0,0.0,0.0,-632.1390824226866,10472,0,138.297
2017-04-17,QQQ,63.669142611944,0.0,131.48,TLT,22.69297785738524,0.0,123.09,0,0.0,0.0,0.0,-632.1390824226866,10532,0,139.37699999999998
2017-04-18,QQQ,63.669142611944,0.0,131.28,TLT,22.69297785738524,0.0,124.7,0,0.0,0.0,0.0,-632.1390824226866,10556,0,139.177
2017-04-19,QQQ,63.669142611944,0.0,131.49,TLT,22.69297785738524,0.0,124.02,0,0.0,0.0,0.0,-632.1390824226866,10554,0,139.387
2017-04-20,QQQ,63.669142611944,0.0,132.59,TLT,22.69297785738524,0.0,123.54,0,0.0,0.0,0.0,-632.1390824226866,10613,0,140.487
2017-04-21,QQQ,63.669142611944,0.0,132.56,TLT,22.69297785738524,0.0,123.54,0,0.0,0.0,0.0,-632.1390824226866,10611,0,140.457
2017-04-24,QQQ,63.669142611944,0.0,134.16,TLT,22.69297785738524,0.0,122.93,0,0.0,0.0,0.0,-632.1390824226866,10699,0,142.057
2017-04-25,QQQ,63.669142611944,0.0,135.13,TLT,22.69297785738524,0.0,121.45,0,0.0,0.0,0.0,-632.1390824226866,10727,0,143.027
2017-04-26,QQQ,63.669142611944,0.0,134.94,TLT,22.69297785738524,0.0,122.12,0,0.0,0.0,0.0,-632.1390824226866,10730,0,142.837
2017-04-27,QQQ,63.669142611944,0.0,135.75,TLT,22.69297785738524,0.0,122.08,0,0.0,0.0,0.0,-632.1390824226866,10781,0,143.647
2017-04-28,QQQ,63.57421281355942,0.0,135.99,TLT,22.965047733287147,0.0,122.35,0,0.0,0.0,0.0,-648.4092900386964,10806,0,143.887
2017-05-01,QQQ,63.57421281355942,0.0,137.2,TLT,22.965047733287147,0.255,121.08,0,0.0,0.0,0.0,-648.4092900386964,10854,0,145.09699999999998
2017-05-02,QQQ,63.57421281355942,0.0,137.43,TLT,22.965047733287147,0.0,121.7,0,0.0,0.0,0.0,-648.4092900386964,10883,0,145.327
2017-05-03,QQQ,63.57421281355942,0.0,136.99,TLT,22.965047733287147,0.0,121.78,0,0.0,0.0,0.0,-648.4092900386964,10857,0,144.887
2017-05-04,QQQ,63.57421281355942,0.0,137.04,TLT,22.965047733287147,0.0,121.18,0,0.0,0.0,0.0,-648.4092900386964,10846,0,144.93699999999998
2017-05-05,QQQ,63.57421281355942,0.0,137.54,TLT,22.965047733287147,0.0,121.29,0,0.0,0.0,0.0,-648.4092900386964,10881,0,145.43699999999998
2017-05-08,QQQ,63.57421281355942,0.0,137.84,TLT,22.965047733287147,0.0,120.63,0,0.0,0.0,0.0,-648.4092900386964,10884,0,145.737
2017-05-09,QQQ,63.57421281355942,0.0,138.32,TLT,22.965047733287147,0.0,120.62,0,0.0,0.0,0.0,-648.4092900386964,10915,0,146.21699999999998
2017-05-10,QQQ,63.57421281355942,0.0,138.4,TLT,22.965047733287147,0.0,120.48,0,0.0,0.0,0.0,-648.4092900386964,10917,0,146.297
2017-05-11,QQQ,63.57421281355942,0.0,138.29,TLT,22.965047733287147,0.0,120.48,0,0.0,0.0,0.0,-648.4092900386964,10910,0,146.18699999999998
2017-05-12,QQQ,63.57421281355942,0.0,138.6,TLT,22.965047733287147,0.0,121.39,0,0.0,0.0,0.0,-648.4092900386964,10950,0,146.49699999999999
2017-05-15,QQQ,63.57421281355942,0.0,139.04,TLT,22.965047733287147,0.0,121.06,0,0.0,0.0,0.0,-648.4092900386964,10971,0,146.93699999999998
2017-05-16,QQQ,63.57421281355942,0.0,139.62,TLT,22.965047733287147,0.0,121.51,0,0.0,0.0,0.0,-648.4092900386964,11018,0,147.517
2017-05-17,QQQ,63.57421281355942,0.0,136.07,TLT,22.965047733287147,0.0,123.28,0,0.0,0.0,0.0,-648.4092900386964,10833,0,143.96699999999998
2017-05-18,QQQ,63.57421281355942,0.0,137.26,TLT,22.965047733287147,0.0,123.42,0,0.0,0.0,0.0,-648.4092900386964,10912,0,145.15699999999998
2017-05-19,QQQ,63.57421281355942,0.0,137.84,TLT,22.965047733287147,0.0,123.71,0,0.0,0.0,0.0,-648.4092900386964,10955,0,145.737
2017-05-22,QQQ,63.57421281355942,0.0,139.0,TLT,22.965047733287147,0.0,123.37,0,0.0,0.0,0.0,-648.4092900386964,11021,0,146.897
2017-05-23,QQQ,63.57421281355942,0.0,139.14,TLT,22.965047733287147,0.0,122.54,0,0.0,0.0,0.0,-648.4092900386964,11011,0,147.03699999999998
2017-05-24,QQQ,63.57421281355942,0.0,139.78,TLT,22.965047733287147,0.0,123.23,0,0.0,0.0,0.0,-648.4092900386964,11067,0,147.677
2017-05-25,QQQ,63.57421281355942,0.0,140.97,TLT,22.965047733287147,0.0,123.27,0,0.0,0.0,0.0,-648.4092900386964,11144,0,148.867
2017-05-26,QQQ,63.57421281355942,0.0,141.22,TLT,22.965047733287147,0.0,123.48,0,0.0,0.0,0.0,-648.4092900386964,11165,0,149.117
2017-05-30,QQQ,63.57421281355942,0.0,141.34,TLT,22.965047733287147,0.0,124.09,0,0.0,0.0,0.0,-648.4092900386964,11186,0,149.237
2017-05-31,QQQ,63.3874366472635,0.0,141.29,TLT,23.397938506952205,0.0,124.4,0,0.0,0.0,0.0,-671.7008192918901,11195,0,149.18699999999998
2017-06-01,QQQ,63.3874366472635,0.0,141.84,TLT,23.397938506952205,0.263,124.15,0,0.0,0.0,0.0,-671.7008192918901,11224,0,149.737
2017-06-02,QQQ,63.3874366472635,0.0,143.46,TLT,23.397938506952205,0.0,125.62,0,0.0,0.0,0.0,-671.7008192918901,11361,0,151.357
2017-06-05,QQQ,63.3874366472635,0.0,143.43,TLT,23.397938506952205,0.0,124.84,0,0.0,0.0,0.0,-671.7008192918901,11340,0,151.327
2017-06-06,QQQ,63.3874366472635,0.0,142.86,TLT,23.397938506952205,0.0,125.52,0,0.0,0.0,0.0,-671.7008192918901,11320,0,150.757
2017-06-07,QQQ,63.3874366472635,0.0,143.42,TLT,23.397938506952205,0.0,124.92,0,0.0,0.0,0.0,-671.7008192918901,11342,0,151.31699999999998
2017-06-08,QQQ,63.3874366472635,0.0,143.57,TLT,23.397938506952205,0.0,124.59,0,0.0,0.0,0.0,-671.7008192918901,11343,0,151.46699999999998
2017-06-09,QQQ,63.3874366472635,0.0,139.98,TLT,23.397938506952205,0.0,124.4,0,0.0,0.0,0.0,-671.7008192918901,11111,0,147.87699999999998
2017-06-12,QQQ,63.3874366472635,0.0,139.23,TLT,23.397938506952205,0.0,124.36,0,0.0,0.0,0.0,-671.7008192918901,11063,0,147.12699999999998
2017-06-13,QQQ,63.3874366472635,0.0,140.36,TLT,23.397938506952205,0.0,124.38,0,0.0,0.0,0.0,-671.7008192918901,11135,0,148.257
2017-06-14,QQQ,63.3874366472635,0.0,139.75,TLT,23.397938506952205,0.0,126.3,0,0.0,0.0,0.0,-671.7008192918901,11141,0,147.647
2017-06-15,QQQ,63.3874366472635,0.0,139.13,TLT,23.397938506952205,0.0,126.1,0,0.0,0.0,0.0,-671.7008192918901,11097,0,147.027
2017-06-16,QQQ,63.3874366472635,0.37799999999999995,138.15,TLT,23.397938506952205,0.0,126.35,0,0.0,0.0,0.0,-671.7008192918901,11041,0,146.425
2017-06-19,QQQ,63.3874366472635,0.0,140.46,TLT,23.397938506952205,0.0,126.17,0,0.0,0.0,0.0,-671.7008192918901,11183,0,148.735
2017-06-20,QQQ,63.3874366472635,0.0,139.36,TLT,23.397938506952205,0.0,127.3,0,0.0,0.0,0.0,-671.7008192918901,11140,0,147.63500000000002
2017-06-21,QQQ,63.3874366472635,0.0,140.74,TLT,23.397938506952205,0.0,127.56,0,0.0,0.0,0.0,-671.7008192918901,11234,0,149.01500000000001
2017-06-22,QQQ,63.3874366472635,0.0,140.7,TLT,23.397938506952205,0.0,127.84,0,0.0,0.0,0.0,-671.7008192918901,11238,0,148.975
2017-06-23,QQQ,63.3874366472635,0.0,141.24,TLT,23.397938506952205,0.0,127.78,0,0.0,0.0,0.0,-671.7008192918901,11270,0,149.51500000000001
2017-06-26,QQQ,63.3874366472635,0.0,140.58,TLT,23.397938506952205,0.0,128.26,0,0.0,0.0,0.0,-671.7008192918901,11240,0,148.85500000000002
2017-06-27,QQQ,63.3874366472635,0.0,138.03,TLT,23.397938506952205,0.0,126.89,0,0.0,0.0,0.0,-671.7008192918901,11046,0,146.305
2017-06-28,QQQ,63.3874366472635,0.0,140.02,TLT,23.397938506952205,0.0,126.47,0,0.0,0.0,0.0,-671.7008192918901,11162,0,148.29500000000002
2017-06-29,QQQ,63.3874366472635,0.0,137.59,TLT,23.397938506952205,0.0,125.41,0,0.0,0.0,0.0,-671.7008192918901,10984,0,145.865
2017-06-30,QQQ,63.97267494809249,0.0,137.64,TLT,22.87156064940074,0.0,125.12,0,0.0,0.0,0.0,-660.3899234891593,11006,0,145.915
2017-07-03,QQQ,63.97267494809249,0.0,136.19,TLT,22.87156064940074,0.258,124.46,0,0.0,0.0,0.0,-660.3899234891593,10898,0,144.465
2017-07-05,QQQ,63.97267494809249,0.0,137.53,TLT,22.87156064940074,0.0,124.49,0,0.0,0.0,0.0,-660.3899234891593,10985,0,145.805
2017-07-06,QQQ,63.97267494809249,0.0,136.29,TLT,22.87156064940074,0.0,123.46,0,0.0,0.0,0.0,-660.3899234891593,10882,0,144.565
2017-07-07,QQQ,63.97267494809249,0.0,137.76,TLT,22.87156064940074,0.0,122.72,0,0.0,0.0,0.0,-660.3899234891593,10959,0,146.035
2017-07-10,QQQ,63.97267494809249,0.0,138.66,TLT,22.87156064940074,0.0,122.9,0,0.0,0.0,0.0,-660.3899234891593,11020,0,146.935
2017-07-11,QQQ,63.97267494809249,0.0,139.05,TLT,22.87156064940074,0.0,123.11,0,0.0,0.0,0.0,-660.3899234891593,11050,0,147.32500000000002
2017-07-12,QQQ,63.97267494809249,0.0,140.7,TLT,22.87156064940074,0.0,123.96,0,0.0,0.0,0.0,-660.3899234891593,11175,0,148.975
2017-07-13,QQQ,63.97267494809249,0.0,141.01,TLT,22.87156064940074,0.0,123.18,0,0.0,0.0,0.0,-660.3899234891593,11177,0,149.285
2017-07-14,QQQ,63.97267494809249,0.0,142.12,TLT,22.87156064940074,0.0,123.33,0,0.0,0.0,0.0,-660.3899234891593,11252,0,150.395
2017-07-17,QQQ,63.97267494809249,0.0,142.19,TLT,22.87156064940074,0.0,123.67,0,0.0,0.0,0.0,-660.3899234891593,11264,0,150.465
2017-07-18,QQQ,63.97267494809249,0.0,143.14,TLT,22.87156064940074,0.0,124.75,0,0.0,0.0,0.0,-660.3899234891593,11349,0,151.415
2017-07-19,QQQ,63.97267494809249,0.0,143.98,TLT,22.87156064940074,0.0,124.8,0,0.0,0.0,0.0,-660.3899234891593,11404,0,152.255
2017-07-20,QQQ,63.97267494809249,0.0,144.17,TLT,22.87156064940074,0.0,125.16,0,0.0,0.0,0.0,-660.3899234891593,11425,0,152.445
2017-07-21,QQQ,63.97267494809249,0.0,144.11,TLT,22.87156064940074,0.0,125.69,0,0.0,0.0,0.0,-660.3899234891593,11433,0,152.38500000000002
2017-07-24,QQQ,63.97267494809249,0.0,144.77,TLT,22.87156064940074,0.0,125.2,0,0.0,0.0,0.0,-660.3899234891593,11464,0,153.04500000000002
2017-07-25,QQQ,63.97267494809249,0.0,144.4,TLT,22.87156064940074,0.0,123.57,0,0.0,0.0,0.0,-660.3899234891593,11403,0,152.675
2017-07-26,QQQ,63.97267494809249,0.0,144.87,TLT,22.87156064940074,0.0,123.77,0,0.0,0.0,0.0,-660.3899234891593,11438,0,153.145
2017-07-27,QQQ,63.97267494809249,0.0,143.96,TLT,22.87156064940074,0.0,123.16,0,0.0,0.0,0.0,-660.3899234891593,11365,0,152.235
2017-07-28,QQQ,63.97267494809249,0.0,143.84,TLT,22.87156064940074,0.0,123.89,0,0.0,0.0,0.0,-660.3899234891593,11374,0,152.115
2017-07-31,QQQ,63.358879947835426,0.0,143.23,TLT,23.77733006974969,0.0,124.04,0,0.0,0.0,0.0,-680.6169281196356,11343,0,151.505
2017-08-01,QQQ,63.358879947835426,0.0,143.56,TLT,23.77733006974969,0.269,124.64,0,0.0,0.0,0.0,-680.6169281196356,11378,0,151.835
2017-08-02,QQQ,63.358879947835426,0.0,143.95,TLT,23.77733006974969,0.0,124.71,0,0.0,0.0,0.0,-680.6169281196356,11405,0,152.225
2017-08-03,QQQ,63.358879947835426,0.0,143.39,TLT,23.77733006974969,0.0,126.0,0,0.0,0.0,0.0,-680.6169281196356,11400,0,151.665
2017-08-04,QQQ,63.358879947835426,0.0,143.65,TLT,23.77733006974969,0.0,124.93,0,0.0,0.0,0.0,-680.6169281196356,11391,0,151.925
2017-08-07,QQQ,63.358879947835426,0.0,144.56,TLT,23.77733006974969,0.0,125.07,0,0.0,0.0,0.0,-680.6169281196356,11452,0,152.835
2017-08-08,QQQ,63.358879947835426,0.0,144.31,TLT,23.77733006974969,0.0,124.62,0,0.0,0.0,0.0,-680.6169281196356,11425,0,152.585
2017-08-09,QQQ,63.358879947835426,0.0,144.12,TLT,23.77733006974969,0.0,125.3,0,0.0,0.0,0.0,-680.6169281196356,11429,0,152.395
2017-08-10,QQQ,63.358879947835426,0.0,141.03,TLT,23.77733006974969,0.0,126.37,0,0.0,0.0,0.0,-680.6169281196356,11259,0,149.305
2017-08-11,QQQ,63.358879947835426,0.0,142.1,TLT,23.77733006974969,0.0,126.43,0,0.0,0.0,0.0,-680.6169281196356,11328,0,150.375
2017-08-14,QQQ,63.358879947835426,0.0,143.93,TLT,23.77733006974969,0.0,125.78,0,0.0,0.0,0.0,-680.6169281196356,11429,0,152.205
2017-08-15,QQQ,63.358879947835426,0.0,144.03,TLT,23.77733006974969,0.0,125.25,0,0.0,0.0,0.0,-680.6169281196356,11423,0,152.305
2017-08-16,QQQ,63.358879947835426,0.0,144.28,TLT,23.77733006974969,0.0,125.71,0,0.0,0.0,0.0,-680.6169281196356,11449,0,152.555
2017-08-17,QQQ,63.358879947835426,0.0,141.33,TLT,23.77733006974969,0.0,126.65,0,0.0,0.0,0.0,-680.6169281196356,11285,0,149.60500000000002
2017-08-18,QQQ,63.358879947835426,0.0,141.23,TLT,23.77733006974969,0.0,126.62,0,0.0,0.0,0.0,-680.6169281196356,11278,0,149.505
2017-08-21,QQQ,63.358879947835426,0.0,141.05,TLT,23.77733006974969,0.0,126.93,0,0.0,0.0,0.0,-680.6169281196356,11274,0,149.32500000000002
2017-08-22,QQQ,63.358879947835426,0.0,143.2,TLT,23.77733006974969,0.0,126.44,0,0.0,0.0,0.0,-680.6169281196356,11398,0,151.475
2017-08-23,QQQ,63.358879947835426,0.0,142.69,TLT,23.77733006974969,0.0,127.3,0,0.0,0.0,0.0,-680.6169281196356,11386,0,150.965
2017-08-24,QQQ,63.358879947835426,0.0,142.27,TLT,23.77733006974969,0.0,126.83,0,0.0,0.0,0.0,-680.6169281196356,11349,0,150.54500000000002
2017-08-25,QQQ,63.358879947835426,0.0,141.97,TLT,23.77733006974969,0.0,127.32,0,0.0,0.0,0.0,-680.6169281196356,11341,0,150.245
2017-08-28,QQQ,63.358879947835426,0.0,142.41,TLT,23.77733006974969,0.0,127.24,0,0.0,0.0,0.0,-680.6169281196356,11367,0,150.685
2017-08-29,QQQ,63.358879947835426,0.0,142.97,TLT,23.77733006974969,0.0,127.65,0,0.0,0.0,0.0,-680.6169281196356,11412,0,151.245
2017-08-30,QQQ,63.358879947835426,0.0,144.65,TLT,23.77733006974969,0.0,127.61,0,0.0,0.0,0.0,-680.6169281196356,11518,0,152.925
2017-08-31,QQQ,63.64086614222191,0.0,146.2,TLT,23.626031367666798,0.0,127.99,0,0.0,0.0,0.0,-697.8220972494637,11630,0,154.475
2017-09-01,QQQ,63.64086614222191,0.0,146.0,TLT,23.626031367666798,0.263,126.75,0,0.0,0.0,0.0,-697.8220972494637,11588,0,154.275
2017-09-05,QQQ,63.64086614222191,0.0,144.69,TLT,23.626031367666798,0.0,128.76,0,0.0,0.0,0.0,-697.8220972494637,11552,0,152.965
2017-09-06,QQQ,63.64086614222191,0.0,145.13,TLT,23.626031367666798,0.0,127.97,0,0.0,0.0,0.0,-697.8220972494637,11561,0,153.405
2017-09-07,QQQ,63.64086614222191,0.0,145.47,TLT,23.626031367666798,0.0,129.28,0,0.0,0.0,0.0,-697.8220972494637,11614,0,153.745
2017-09-08,QQQ,63.64086614222191,0.0,144.21,TLT,23.626031367666798,0.0,129.0,0,0.0,0.0,0.0,-697.8220972494637,11527,0,152.485
2017-09-11,QQQ,63.64086614222191,0.0,145.87,TLT,23.626031367666798,0.0,127.46,0,0.0,0.0,0.0,-697.8220972494637,11596,0,154.145
2017-09-12,QQQ,63.64086614222191,0.0,146.22,TLT,23.626031367666798,0.0,126.79,0,0.0,0.0,0.0,-697.8220972494637,11603,0,154.495
2017-09-13,QQQ,63.64086614222191,0.0,146.42,TLT,23.626031367666798,0.0,126.29,0,0.0,0.0,0.0,-697.8220972494637,11604,0,154.695
2017-09-14,QQQ,63.64086614222191,0.0,145.56,TLT,23.626031367666798,0.0,126.81,0,0.0,0.0,0.0,-697.8220972494637,11561,0,153.835
2017-09-15,QQQ,63.64086614222191,0.0,146.06,TLT,23.626031367666798,0.0,126.86,0,0.0,0.0,0.0,-697.8220972494637,11594,0,154.335
2017-09-18,QQQ,63.64086614222191,0.319,145.55,TLT,23.626031367666798,0.0,126.13,0,0.0,0.0,0.0,-697.8220972494637,11545,0,154.144
2017-09-19,QQQ,63.64086614222191,0.0,145.8,TLT,23.626031367666798,0.0,125.82,0,0.0,0.0,0.0,-697.8220972494637,11553,0,154.394
2017-09-20,QQQ,63.64086614222191,0.0,145.35,TLT,23.626031367666798,0.0,125.91,0,0.0,0.0,0.0,-697.8220972494637,11527,0,153.944
2017-09-21,QQQ,63.64086614222191,0.0,144.46,TLT,23.626031367666798,0.0,125.84,0,0.0,0.0,0.0,-697.8220972494637,11468,0,153.054
2017-09-22,QQQ,63.64086614222191,0.0,144.32,TLT,23.626031367666798,0.0,126.2,0,0.0,0.0,0.0,-697.8220972494637,11468,0,152.914
2017-09-25,QQQ,63.64086614222191,0.0,142.8,TLT,23.626031367666798,0.0,126.99,0,0.0,0.0,0.0,-697.8220972494637,11390,0,151.394
2017-09-26,QQQ,63.64086614222191,0.0,143.17,TLT,23.626031367666798,0.0,126.76,0,0.0,0.0,0.0,-697.8220972494637,11408,0,151.76399999999998
2017-09-27,QQQ,63.64086614222191,0.0,144.46,TLT,23.626031367666798,0.0,124.85,0,0.0,0.0,0.0,-697.8220972494637,11445,0,153.054
2017-09-28,QQQ,63.64086614222191,0.0,144.41,TLT,23.626031367666798,0.0,124.48,0,0.0,0.0,0.0,-697.8220972494637,11433,0,153.004
2017-09-29,QQQ,63.411971843855525,0.0,145.45,TLT,24.026636534336767,0.0,124.76,0,0.0,0.0,0.0,-691.7453478516594,11529,0,154.04399999999998
2017-10-02,QQQ,63.411971843855525,0.0,145.58,TLT,24.026636534336767,0.252,124.28,0,0.0,0.0,0.0,-691.7453478516594,11525,0,154.174
2017-10-03,QQQ,63.411971843855525,0.0,145.89,TLT,24.026636534336767,0.0,124.4,0,0.0,0.0,0.0,-691.7453478516594,11548,0,154.48399999999998
2017-10-04,QQQ,63.411971843855525,0.0,146.03,TLT,24.026636534336767,0.0,124.41,0,0.0,0.0,0.0,-691.7453478516594,11557,0,154.624
2017-10-05,QQQ,63.411971843855525,0.0,147.46,TLT,24.026636534336767,0.0,123.94,0,0.0,0.0,0.0,-691.7453478516594,11636,0,156.054
2017-10-06,QQQ,63.411971843855525,0.0,147.66,TLT,24.026636534336767,0.0,123.59,0,0.0,0.0,0.0,-691.7453478516594,11641,0,156.254
2017-10-09,QQQ,63.411971843855525,0.0,147.49,TLT,24.026636534336767,0.0,123.98,0,0.0,0.0,0.0,-691.7453478516594,11639,0,156.084
2017-10-10,QQQ,63.411971843855525,0.0,147.6,TLT,24.026636534336767,0.0,124.18,0,0.0,0.0,0.0,-691.7453478516594,11651,0,156.194
2017-10-11,QQQ,63.411971843855525,0.0,148.04,TLT,24.026636534336767,0.0,124.42,0,0.0,0.0,0.0,-691.7453478516594,11685,0,156.634
2017-10-12,QQQ,63.411971843855525,0.0,147.77,TLT,24.026636534336767,0.0,124.95,0,0.0,0.0,0.0,-691.7453478516594,11680,0,156.364
2017-10-13,QQQ,63.411971843855525,0.0,148.34,TLT,24.026636534336767,0.0,125.85,0,0.0,0.0,0.0,-691.7453478516594,11738,0,156.934
2017-10-16,QQQ,63.411971843855525,0.0,148.85,TLT,24.026636534336767,0.0,125.76,0,0.0,0.0,0.0,-691.7453478516594,11768,0,157.444
2017-10-17,QQQ,63.411971843855525,0.0,149.04,TLT,24.026636534336767,0.0,125.92,0,0.0,0.0,0.0,-691.7453478516594,11784,0,157.634
2017-10-18,QQQ,63.411971843855525,0.0,148.86,TLT,24.026636534336767,0.0,125.09,0,0.0,0.0,0.0,-691.7453478516594,11753,0,157.454
2017-10-19,QQQ,63.411971843855525,0.0,148.31,TLT,24.026636534336767,0.0,125.31,0,0.0,0.0,0.0,-691.7453478516594,11723,0,156.904
2017-10-20,QQQ,63.411971843855525,0.0,148.71,TLT,24.026636534336767,0.0,123.98,0,0.0,0.0,0.0,-691.7453478516594,11717,0,157.304
2017-10-23,QQQ,63.411971843855525,0.0,147.74,TLT,24.026636534336767,0.0,124.2,0,0.0,0.0,0.0,-691.7453478516594,11660,0,156.334
2017-10-24,QQQ,63.411971843855525,0.0,147.99,TLT,24.026636534336767,0.0,123.43,0,0.0,0.0,0.0,-691.7453478516594,11658,0,156.584
2017-10-25,QQQ,63.411971843855525,0.0,147.43,TLT,24.026636534336767,0.0,122.84,0,0.0,0.0,0.0,-691.7453478516594,11608,0,156.024
2017-10-26,QQQ,63.411971843855525,0.0,146.96,TLT,24.026636534336767,0.0,122.43,0,0.0,0.0,0.0,-691.7453478516594,11568,0,155.554
2017-10-27,QQQ,63.411971843855525,0.0,151.24,TLT,24.026636534336767,0.0,123.24,0,0.0,0.0,0.0,-691.7453478516594,11859,0,159.834
2017-10-30,QQQ,63.411971843855525,0.0,151.58,TLT,24.026636534336767,0.0,124.42,0,0.0,0.0,0.0,-691.7453478516594,11909,0,160.174
2017-10-31,QQQ,62.83846515896417,0.0,152.15,TLT,24.96612207961859,0.0,124.46,0,0.0,0.0,0.0,-717.0654355452306,11951,0,160.744
2017-11-01,QQQ,62.83846515896417,0.0,152.1,TLT,24.96612207961859,0.263,124.75,0,0.0,0.0,0.0,-717.0654355452306,11955,0,160.694
2017-11-02,QQQ,62.83846515896417,0.0,151.81,TLT,24.96612207961859,0.0,125.3,0,0.0,0.0,0.0,-717.0654355452306,11950,0,160.404
2017-11-03,QQQ,62.83846515896417,0.0,153.27,TLT,24.96612207961859,0.0,125.64,0,0.0,0.0,0.0,-717.0654355452306,12050,0,161.864
2017-11-06,QQQ,62.83846515896417,0.0,153.79,TLT,24.96612207961859,0.0,126.11,0,0.0,0.0,0.0,-717.0654355452306,12095,0,162.384
2017-11-07,QQQ,62.83846515896417,0.0,153.88,TLT,24.96612207961859,0.0,126.64,0,0.0,0.0,0.0,-717.0654355452306,12114,0,162.474
2017-11-08,QQQ,62.83846515896417,0.0,154.5,TLT,24.96612207961859,0.0,126.36,0,0.0,0.0,0.0,-717.0654355452306,12146,0,163.094
2017-11-09,QQQ,62.83846515896417,0.0,153.69,TLT,24.96612207961859,0.0,126.0,0,0.0,0.0,0.0,-717.0654355452306,12086,0,162.284
2017-11-10,QQQ,62.83846515896417,0.0,153.68,TLT,24.96612207961859,0.0,124.1,0,0.0,0.0,0.0,-717.0654355452306,12038,0,162.274
2017-11-13,QQQ,62.83846515896417,0.0,153.87,TLT,24.96612207961859,0.0,124.36,0,0.0,0.0,0.0,-717.0654355452306,12056,0,162.464
2017-11-14,QQQ,62.83846515896417,0.0,153.31,TLT,24.96612207961859,0.0,125.2,0,0.0,0.0,0.0,-717.0654355452306,12042,0,161.904
2017-11-15,QQQ,62.83846515896417,0.0,152.59,TLT,24.96612207961859,0.0,126.56,0,0.0,0.0,0.0,-717.0654355452306,12031,0,161.184
2017-11-16,QQQ,62.83846515896417,0.0,154.54,TLT,24.96612207961859,0.0,125.46,0,0.0,0.0,0.0,-717.0654355452306,12126,0,163.134
2017-11-17,QQQ,62.83846515896417,0.0,153.95,TLT,24.96612207961859,0.0,126.39,0,0.0,0.0,0.0,-717.0654355452306,12112,0,162.54399999999998
2017-11-20,QQQ,62.83846515896417,0.0,153.83,TLT,24.96612207961859,0.0,126.34,0,0.0,0.0,0.0,-717.0654355452306,12103,0,162.424
2017-11-21,QQQ,62.83846515896417,0.0,155.5,TLT,24.96612207961859,0.0,126.74,0,0.0,0.0,0.0,-717.0654355452306,12218,0,164.094
2017-11-22,QQQ,62.83846515896417,0.0,155.69,TLT,24.96612207961859,0.0,127.15,0,0.0,0.0,0.0,-717.0654355452306,12240,0,164.284
2017-11-24,QQQ,62.83846515896417,0.0,156.26,TLT,24.96612207961859,0.0,126.8,0,0.0,0.0,0.0,-717.0654355452306,12267,0,164.85399999999998
2017-11-27,QQQ,62.83846515896417,0.0,156.19,TLT,24.96612207961859,0.0,126.62,0,0.0,0.0,0.0,-717.0654355452306,12258,0,164.784
2017-11-28,QQQ,62.83846515896417,0.0,156.59,TLT,24.96612207961859,0.0,126.79,0,0.0,0.0,0.0,-717.0654355452306,12288,0,165.184
2017-11-29,QQQ,62.83846515896417,0.0,153.86,TLT,24.96612207961859,0.0,125.54,0,0.0,0.0,0.0,-717.0654355452306,12085,0,162.454
2017-11-30,QQQ,62.705217451839815,0.0,155.15,TLT,25.270398085735355,0.0,125.12,0,0.0,0.0,0.0,-729.6535865739718,12160,0,163.744
2017-12-01,QQQ,62.705217451839815,0.0,154.49,TLT,25.270398085735355,0.255,126.55,0,0.0,0.0,0.0,-729.6535865739718,12155,0,163.084
2017-12-04,QQQ,62.705217451839815,0.0,152.71,TLT,25.270398085735355,0.0,126.61,0,0.0,0.0,0.0,-729.6535865739718,12045,0,161.304
2017-12-05,QQQ,62.705217451839815,0.0,152.81,TLT,25.270398085735355,0.0,127.24,0,0.0,0.0,0.0,-729.6535865739718,12067,0,161.404
2017-12-06,QQQ,62.705217451839815,0.0,153.5,TLT,25.270398085735355,0.0,127.68,0,0.0,0.0,0.0,-729.6535865739718,12122,0,162.094
2017-12-07,QQQ,62.705217451839815,0.0,154.02,TLT,25.270398085735355,0.0,126.68,0,0.0,0.0,0.0,-729.6535865739718,12129,0,162.614
2017-12-08,QQQ,62.705217451839815,0.0,154.7,TLT,25.270398085735355,0.0,126.69,0,0.0,0.0,0.0,-729.6535865739718,12172,0,163.29399999999998
2017-12-11,QQQ,62.705217451839815,0.0,155.9,TLT,25.270398085735355,0.0,126.43,0,0.0,0.0,0.0,-729.6535865739718,12241,0,164.494
2017-12-12,QQQ,62.705217451839815,0.0,155.69,TLT,25.270398085735355,0.0,126.38,0,0.0,0.0,0.0,-729.6535865739718,12226,0,164.284
2017-12-13,QQQ,62.705217451839815,0.0,155.99,TLT,25.270398085735355,0.0,127.33,0,0.0,0.0,0.0,-729.6535865739718,12269,0,164.584
2017-12-14,QQQ,62.705217451839815,0.0,155.88,TLT,25.270398085735355,0.0,127.87,0,0.0,0.0,0.0,-729.6535865739718,12276,0,164.474
2017-12-15,QQQ,62.705217451839815,0.0,157.65,TLT,25.270398085735355,0.0,128.35,0,0.0,0.0,0.0,-729.6535865739718,12399,0,166.244
2017-12-18,QQQ,62.705217451839815,0.32899999999999996,158.64,TLT,25.270398085735355,0.0,127.18,0,0.0,0.0,0.0,-729.6535865739718,12431,0,167.563
2017-12-19,QQQ,62.705217451839815,0.0,157.7,TLT,25.270398085735355,0.0,125.53,0,0.0,0.0,0.0,-729.6535865739718,12331,0,166.623
2017-12-20,QQQ,62.705217451839815,0.0,157.53,TLT,25.270398085735355,0.0,124.14,0,0.0,0.0,0.0,-729.6535865739718,12285,0,166.453
2017-12-21,QQQ,62.705217451839815,0.0,157.55,TLT,25.270398085735355,0.262,124.6,0,0.0,0.0,0.0,-729.6535865739718,12298,0,166.473
2017-12-22,QQQ,62.705217451839815,0.0,157.37,TLT,25.270398085735355,0.0,124.77,0,0.0,0.0,0.0,-729.6535865739718,12291,0,166.293
2017-12-26,QQQ,62.705217451839815,0.0,156.52,TLT,25.270398085735355,0.0,125.14,0,0.0,0.0,0.0,-729.6535865739718,12247,0,165.443
2017-12-27,QQQ,62.705217451839815,0.0,156.54,TLT,25.270398085735355,0.0,126.77,0,0.0,0.0,0.0,-729.6535865739718,12289,0,165.463
2017-12-28,QQQ,62.705217451839815,0.0,156.73,TLT,25.270398085735355,0.0,126.66,0,0.0,0.0,0.0,-729.6535865739718,12298,0,165.653
2017-12-29,QQQ,63.03204476629568,0.0,155.76,TLT,25.152200616107674,0.0,126.86,0,0.0,0.0,0.0,-736.3403469598667,12272,0,164.683
2018-01-02,QQQ,63.03204476629568,0.0,158.49,TLT,25.152200616107674,0.0,125.49,0,0.0,0.0,0.0,-736.3403469598667,12409,0,167.413
2018-01-03,QQQ,63.03204476629568,0.0,160.03,TLT,25.152200616107674,0.0,126.09,0,0.0,0.0,0.0,-736.3403469598667,12522,0,168.953
2018-01-04,QQQ,63.03204476629568,0.0,160.31,TLT,25.152200616107674,0.0,126.07,0,0.0,0.0,0.0,-736.3403469598667,12539,0,169.233
2018-01-05,QQQ,63.03204476629568,0.0,161.92,TLT,25.152200616107674,0.0,125.71,0,0.0,0.0,0.0,-736.3403469598667,12631,0,170.843
2018-01-08,QQQ,63.03204476629568,0.0,162.55,TLT,25.152200616107674,0.0,125.63,0,0.0,0.0,0.0,-736.3403469598667,12669,0,171.473
2018-01-09,QQQ,63.03204476629568,0.0,162.56,TLT,25.152200616107674,0.0,123.95,0,0.0,0.0,0.0,-736.3403469598667,12627,0,171.483
2018-01-10,QQQ,63.03204476629568,0.0,162.18,TLT,25.152200616107674,0.0,123.8,0,0.0,0.0,0.0,-736.3403469598667,12600,0,171.103
2018-01-11,QQQ,63.03204476629568,0.0,163.29,TLT,25.152200616107674,0.0,124.31,0,0.0,0.0,0.0,-736.3403469598667,12682,0,172.213
2018-01-12,QQQ,63.03204476629568,0.0,164.49,TLT,25.152200616107674,0.0,124.52,0,0.0,0.0,0.0,-736.3403469598667,12763,0,173.413
2018-01-16,QQQ,63.03204476629568,0.0,164.02,TLT,25.152200616107674,0.0,125.04,0,0.0,0.0,0.0,-736.3403469598667,12747,0,172.943
2018-01-17,QQQ,63.03204476629568,0.0,165.79,TLT,25.152200616107674,0.0,124.87,0,0.0,0.0,0.0,-736.3403469598667,12854,0,174.713
2018-01-18,QQQ,63.03204476629568,0.0,165.82,TLT,25.152200616107674,0.0,123.71,0,0.0,0.0,0.0,-736.3403469598667,12827,0,174.743
2018-01-19,QQQ,63.03204476629568,0.0,166.34,TLT,25.152200616107674,0.0,123.06,0,0.0,0.0,0.0,-736.3403469598667,12843,0,175.263
2018-01-22,QQQ,63.03204476629568,0.0,168.12,TLT,25.152200616107674,0.0,123.18,0,0.0,0.0,0.0,-736.3403469598667,12958,0,177.043
2018-01-23,QQQ,63.03204476629568,0.0,169.51,TLT,25.152200616107674,0.0,123.71,0,0.0,0.0,0.0,-736.3403469598667,13059,0,178.433
2018-01-24,QQQ,63.03204476629568,0.0,168.41,TLT,25.152200616107674,0.0,123.04,0,0.0,0.0,0.0,-736.3403469598667,12973,0,177.333
2018-01-25,QQQ,63.03204476629568,0.0,168.35,TLT,25.152200616107674,0.0,124.05,0,0.0,0.0,0.0,-736.3403469598667,12995,0,177.273
2018-01-26,QQQ,63.03204476629568,0.0,170.93,TLT,25.152200616107674,0.0,123.59,0,0.0,0.0,0.0,-736.3403469598667,13146,0,179.853
2018-01-29,QQQ,63.03204476629568,0.0,170.1,TLT,25.152200616107674,0.0,122.73,0,0.0,0.0,0.0,-736.3403469598667,13072,0,179.023
2018-01-30,QQQ,63.03204476629568,0.0,168.7,TLT,25.152200616107674,0.0,122.01,0,0.0,0.0,0.0,-736.3403469598667,12965,0,177.623
2018-01-31,QQQ,61.52121661424093,0.0,169.4,TLT,27.59757663730982,0.0,122.73,0,0.0,0.0,0.0,-781.6270570839317,13027,0,178.323
2018-02-01,QQQ,61.52121661424093,0.0,167.96,TLT,27.59757663730982,0.255,120.7,0,0.0,0.0,0.0,-781.6270570839317,12882,0,176.883
2018-02-02,QQQ,61.52121661424093,0.0,164.61,TLT,27.59757663730982,0.0,119.58,0,0.0,0.0,0.0,-781.6270570839317,12645,0,173.53300000000002
2018-02-05,QQQ,61.52121661424093,0.0,158.12,TLT,27.59757663730982,0.0,120.71,0,0.0,0.0,0.0,-781.6270570839317,12277,0,167.043
2018-02-06,QQQ,61.52121661424093,0.0,162.31,TLT,27.59757663730982,0.0,119.96,0,0.0,0.0,0.0,-781.6270570839317,12514,0,171.233
2018-02-07,QQQ,61.52121661424093,0.0,160.21,TLT,27.59757663730982,0.0,118.82,0,0.0,0.0,0.0,-781.6270570839317,12353,0,169.133
2018-02-08,QQQ,61.52121661424093,0.0,153.45,TLT,27.59757663730982,0.0,118.69,0,0.0,0.0,0.0,-781.6270570839317,11934,0,162.373
2018-02-09,QQQ,61.52121661424093,0.0,156.1,TLT,27.59757663730982,0.0,117.94,0,0.0,0.0,0.0,-781.6270570839317,12076,0,165.023
2018-02-12,QQQ,61.52121661424093,0.0,158.87,TLT,27.59757663730982,0.0,118.46,0,0.0,0.0,0.0,-781.6270570839317,12261,0,167.793
2018-02-13,QQQ,61.52121661424093,0.0,159.69,TLT,27.59757663730982,0.0,118.99,0,0.0,0.0,0.0,-781.6270570839317,12326,0,168.613
2018-02-14,QQQ,61.52121661424093,0.0,162.68,TLT,27.59757663730982,0.0,117.67,0,0.0,0.0,0.0,-781.6270570839317,12474,0,171.603
2018-02-15,QQQ,61.52121661424093,0.0,165.7,TLT,27.59757663730982,0.0,118.07,0,0.0,0.0,0.0,-781.6270570839317,12670,0,174.623
2018-02-16,QQQ,61.52121661424093,0.0,164.96,TLT,27.59757663730982,0.0,118.71,0,0.0,0.0,0.0,-781.6270570839317,12643,0,173.883
2018-02-20,QQQ,61.52121661424093,0.0,165.29,TLT,27.59757663730982,0.0,118.19,0,0.0,0.0,0.0,-781.6270570839317,12648,0,174.213
2018-02-21,QQQ,61.52121661424093,0.0,164.82,TLT,27.59757663730982,0.0,116.74,0,0.0,0.0,0.0,-781.6270570839317,12580,0,173.743
2018-02-22,QQQ,61.52121661424093,0.0,164.8,TLT,27.59757663730982,0.0,117.09,0,0.0,0.0,0.0,-781.6270570839317,12588,0,173.723
2018-02-23,QQQ,61.52121661424093,0.0,168.17,TLT,27.59757663730982,0.0,118.13,0,0.0,0.0,0.0,-781.6270570839317,12824,0,177.093
2018-02-26,QQQ,61.52121661424093,0.0,170.4,TLT,27.59757663730982,0.0,118.17,0,0.0,0.0,0.0,-781.6270570839317,12962,0,179.323
2018-02-27,QQQ,61.52121661424093,0.0,168.29,TLT,27.59757663730982,0.0,118.0,0,0.0,0.0,0.0,-781.6270570839317,12828,0,177.213
2018-02-28,QQQ,61.18189793673632,0.0,167.21,TLT,27.998510947794067,0.0,118.75,0,0.0,0.0,0.0,-767.2668865501266,12787,0,176.133
2018-03-01,QQQ,61.18189793673632,0.0,164.48,TLT,27.998510947794067,0.239,119.32,0,0.0,0.0,0.0,-767.2668865501266,12636,0,173.403
2018-03-02,QQQ,61.18189793673632,0.0,165.99,TLT,27.998510947794067,0.0,118.35,0,0.0,0.0,0.0,-767.2668865501266,12701,0,174.913
2018-03-05,QQQ,61.18189793673632,0.0,167.83,TLT,27.998510947794067,0.0,118.03,0,0.0,0.0,0.0,-767.2668865501266,12805,0,176.75300000000001
2018-03-06,QQQ,61.18189793673632,0.0,168.54,TLT,27.998510947794067,0.0,118.14,0,0.0,0.0,0.0,-767.2668865501266,12852,0,177.463
2018-03-07,QQQ,61.18189793673632,0.0,168.93,TLT,27.998510947794067,0.0,118.01,0,0.0,0.0,0.0,-767.2668865501266,12872,0,177.853
2018-03-08,QQQ,61.18189793673632,0.0,169.86,TLT,27.998510947794067,0.0,118.69,0,0.0,0.0,0.0,-767.2668865501266,12948,0,178.78300000000002
2018-03-09,QQQ,61.18189793673632,0.0,173.16,TLT,27.998510947794067,0.0,117.91,0,0.0,0.0,0.0,-767.2668865501266,13128,0,182.083
2018-03-12,QQQ,61.18189793673632,0.0,174.08,TLT,27.998510947794067,0.0,118.59,0,0.0,0.0,0.0,-767.2668865501266,13203,0,183.00300000000001
2018-03-13,QQQ,61.18189793673632,0.0,171.71,TLT,27.998510947794067,0.0,119.19,0,0.0,0.0,0.0,-767.2668865501266,13075,0,180.633
2018-03-14,QQQ,61.18189793673632,0.0,171.68,TLT,27.998510947794067,0.0,120.24,0,0.0,0.0,0.0,-767.2668865501266,13102,0,180.603
2018-03-15,QQQ,61.18189793673632,0.0,171.53,TLT,27.998510947794067,0.0,120.24,0,0.0,0.0,0.0,-767.2668865501266,13093,0,180.453
2018-03-16,QQQ,61.18189793673632,0.0,171.02,TLT,27.998510947794067,0.0,119.81,0,0.0,0.0,0.0,-767.2668865501266,13050,0,179.943
2018-03-19,QQQ,61.18189793673632,0.27699999999999997,167.1,TLT,27.998510947794067,0.0,119.43,0,0.0,0.0,0.0,-767.2668865501266,12800,0,176.29999999999998
2018-03-20,QQQ,61.18189793673632,0.0,167.65,TLT,27.998510947794067,0.0,118.95,0,0.0,0.0,0.0,-767.2668865501266,12820,0,176.85
2018-03-21,QQQ,61.18189793673632,0.0,166.92,TLT,27.998510947794067,0.0,119.08,0,0.0,0.0,0.0,-767.2668865501266,12779,0,176.11999999999998
2018-03-22,QQQ,61.18189793673632,0.0,162.8,TLT,27.998510947794067,0.0,120.26,0,0.0,0.0,0.0,-767.2668865501266,12560,0,172.0
2018-03-23,QQQ,61.18189793673632,0.0,158.51,TLT,27.998510947794067,0.0,120.17,0,0.0,0.0,0.0,-767.2668865501266,12295,0,167.70999999999998
2018-03-26,QQQ,61.18189793673632,0.0,164.4,TLT,27.998510947794067,0.0,119.71,0,0.0,0.0,0.0,-767.2668865501266,12642,0,173.6
2018-03-27,QQQ,61.18189793673632,0.0,159.08,TLT,27.998510947794067,0.0,120.99,0,0.0,0.0,0.0,-767.2668865501266,12353,0,168.28
2018-03-28,QQQ,61.18189793673632,0.0,157.25,TLT,27.998510947794067,0.0,121.31,0,0.0,0.0,0.0,-767.2668865501266,12250,0,166.45
2018-03-29,QQQ,62.26433043879876,0.0,160.13,TLT,26.582246519922673,0.0,121.9,0,0.0,0.0,0.0,-747.779042487364,12462,0,169.32999999999998
2018-04-02,QQQ,62.26433043879876,0.0,155.51,TLT,26.582246519922673,0.26,121.88,0,0.0,0.0,0.0,-747.779042487364,12174,0,164.70999999999998
2018-04-03,QQQ,62.26433043879876,0.0,157.26,TLT,26.582246519922673,0.0,120.94,0,0.0,0.0,0.0,-747.779042487364,12258,0,166.45999999999998
2018-04-04,QQQ,62.26433043879876,0.0,159.74,TLT,26.582246519922673,0.0,120.69,0,0.0,0.0,0.0,-747.779042487364,12406,0,168.94
2018-04-05,QQQ,62.26433043879876,0.0,160.65,TLT,26.582246519922673,0.0,119.79,0,0.0,0.0,0.0,-747.779042487364,12439,0,169.85
2018-04-06,QQQ,62.26433043879876,0.0,156.63,TLT,26.582246519922673,0.0,121.1,0,0.0,0.0,0.0,-747.779042487364,12223,0,165.82999999999998
2018-04-09,QQQ,62.26433043879876,0.0,157.73,TLT,26.582246519922673,0.0,121.3,0,0.0,0.0,0.0,-747.779042487364,12297,0,166.92999999999998
2018-04-10,QQQ,62.26433043879876,0.0,161.21,TLT,26.582246519922673,0.0,121.08,0,0.0,0.0,0.0,-747.779042487364,12508,0,170.41
2018-04-11,QQQ,62.26433043879876,0.0,160.28,TLT,26.582246519922673,0.0,121.51,0,0.0,0.0,0.0,-747.779042487364,12461,0,169.48
2018-04-12,QQQ,62.26433043879876,0.0,162.21,TLT,26.582246519922673,0.0,120.62,0,0.0,0.0,0.0,-747.779042487364,12558,0,171.41
2018-04-13,QQQ,62.26433043879876,0.0,161.37,TLT,26.582246519922673,0.0,120.9,0,0.0,0.0,0.0,-747.779042487364,12513,0,170.57
2018-04-16,QQQ,62.26433043879876,0.0,162.6,TLT,26.582246519922673,0.0,120.94,0,0.0,0.0,0.0,-747.779042487364,12591,0,171.79999999999998
2018-04-17,QQQ,62.26433043879876,0.0,166.1,TLT,26.582246519922673,0.0,121.27,0,0.0,0.0,0.0,-747.779042487364,12817,0,175.29999999999998
2018-04-18,QQQ,62.26433043879876,0.0,166.44,TLT,26.582246519922673,0.0,120.3,0,0.0,0.0,0.0,-747.779042487364,12813,0,175.64
2018-04-19,QQQ,62.26433043879876,0.0,164.91,TLT,26.582246519922673,0.0,119.32,0,0.0,0.0,0.0,-747.779042487364,12692,0,174.10999999999999
2018-04-20,QQQ,62.26433043879876,0.0,162.3,TLT,26.582246519922673,0.0,118.46,0,0.0,0.0,0.0,-747.779042487364,12506,0,171.5
2018-04-23,QQQ,62.26433043879876,0.0,161.89,TLT,26.582246519922673,0.0,118.49,0,0.0,0.0,0.0,-747.779042487364,12481,0,171.08999999999997
2018-04-24,QQQ,62.26433043879876,0.0,158.46,TLT,26.582246519922673,0.0,117.95,0,0.0,0.0,0.0,-747.779042487364,12254,0,167.66
2018-04-25,QQQ,62.26433043879876,0.0,158.65,TLT,26.582246519922673,0.0,117.16,0,0.0,0.0,0.0,-747.779042487364,12244,0,167.85
2018-04-26,QQQ,62.26433043879876,0.0,161.99,TLT,26.582246519922673,0.0,117.98,0,0.0,0.0,0.0,-747.779042487364,12474,0,171.19
2018-04-27,QQQ,62.26433043879876,0.0,162.09,TLT,26.582246519922673,0.0,118.89,0,0.0,0.0,0.0,-747.779042487364,12505,0,171.29
2018-04-30,QQQ,61.857129884634574,0.0,160.94,TLT,27.16597906952774,0.0,119.1,0,0.0,0.0,0.0,-746.6464862724822,12444,0,170.14
2018-05-01,QQQ,61.857129884634574,0.0,162.78,TLT,27.16597906952774,0.262,118.41,0,0.0,0.0,0.0,-746.6464862724822,12539,0,171.98
2018-05-02,QQQ,61.857129884634574,0.0,161.82,TLT,27.16597906952774,0.0,118.28,0,0.0,0.0,0.0,-746.6464862724822,12476,0,171.01999999999998
2018-05-03,QQQ,61.857129884634574,0.0,161.8,TLT,27.16597906952774,0.0,118.81,0,0.0,0.0,0.0,-746.6464862724822,12489,0,171.0
2018-05-04,QQQ,61.857129884634574,0.0,164.87,TLT,27.16597906952774,0.0,118.99,0,0.0,0.0,0.0,-746.6464862724822,12684,0,174.07
2018-05-07,QQQ,61.857129884634574,0.0,166.24,TLT,27.16597906952774,0.0,118.8,0,0.0,0.0,0.0,-746.6464862724822,12763,0,175.44
2018-05-08,QQQ,61.857129884634574,0.0,166.07,TLT,27.16597906952774,0.0,118.69,0,0.0,0.0,0.0,-746.6464862724822,12750,0,175.26999999999998
2018-05-09,QQQ,61.857129884634574,0.0,167.88,TLT,27.16597906952774,0.0,117.98,0,0.0,0.0,0.0,-746.6464862724822,12842,0,177.07999999999998
2018-05-10,QQQ,61.857129884634574,0.0,169.62,TLT,27.16597906952774,0.0,118.93,0,0.0,0.0,0.0,-746.6464862724822,12976,0,178.82
2018-05-11,QQQ,61.857129884634574,0.0,169.46,TLT,27.16597906952774,0.0,119.23,0,0.0,0.0,0.0,-746.6464862724822,12974,0,178.66
2018-05-14,QQQ,61.857129884634574,0.0,169.75,TLT,27.16597906952774,0.0,118.6,0,0.0,0.0,0.0,-746.6464862724822,12975,0,178.95
2018-05-15,QQQ,61.857129884634574,0.0,167.87,TLT,27.16597906952774,0.0,117.25,0,0.0,0.0,0.0,-746.6464862724822,12822,0,177.07
2018-05-16,QQQ,61.857129884634574,0.0,168.98,TLT,27.16597906952774,0.0,116.8,0,0.0,0.0,0.0,-746.6464862724822,12878,0,178.17999999999998
2018-05-17,QQQ,61.857129884634574,0.0,168.33,TLT,27.16597906952774,0.0,116.21,0,0.0,0.0,0.0,-746.6464862724822,12822,0,177.53
2018-05-18,QQQ,61.857129884634574,0.0,167.46,TLT,27.16597906952774,0.0,117.21,0,0.0,0.0,0.0,-746.6464862724822,12796,0,176.66
2018-05-21,QQQ,61.857129884634574,0.0,168.4,TLT,27.16597906952774,0.0,117.27,0,0.0,0.0,0.0,-746.6464862724822,12855,0,177.6
2018-05-22,QQQ,61.857129884634574,0.0,168.18,TLT,27.16597906952774,0.0,117.09,0,0.0,0.0,0.0,-746.6464862724822,12837,0,177.38
2018-05-23,QQQ,61.857129884634574,0.0,169.6,TLT,27.16597906952774,0.0,117.94,0,0.0,0.0,0.0,-746.6464862724822,12948,0,178.79999999999998
2018-05-24,QQQ,61.857129884634574,0.0,169.55,TLT,27.16597906952774,0.0,118.88,0,0.0,0.0,0.0,-746.6464862724822,12970,0,178.75
2018-05-25,QQQ,61.857129884634574,0.0,169.72,TLT,27.16597906952774,0.0,119.62,0,0.0,0.0,0.0,-746.6464862724822,13001,0,178.92
2018-05-29,QQQ,61.857129884634574,0.0,168.97,TLT,27.16597906952774,0.0,122.24,0,0.0,0.0,0.0,-746.6464862724822,13026,0,178.17
2018-05-30,QQQ,61.857129884634574,0.0,170.18,TLT,27.16597906952774,0.0,121.42,0,0.0,0.0,0.0,-746.6464862724822,13078,0,179.38
2018-05-31,QQQ,61.48885194980921,0.0,170.07,TLT,28.037105606408325,0.0,121.22,0,0.0,0.0,0.0,-784.3056788328046,13071,0,179.26999999999998
2018-06-01,QQQ,61.48885194980921,0.0,172.74,TLT,28.037105606408325,0.281,120.3,0,0.0,0.0,0.0,-784.3056788328046,13210,0,181.94
2018-06-04,QQQ,61.48885194980921,0.0,174.3,TLT,28.037105606408325,0.0,119.43,0,0.0,0.0,0.0,-784.3056788328046,13281,0,183.5
2018-06-05,QQQ,61.48885194980921,0.0,174.84,TLT,28.037105606408325,0.0,119.71,0,0.0,0.0,0.0,-784.3056788328046,13322,0,184.04
2018-06-06,QQQ,61.48885194980921,0.0,175.86,TLT,28.037105606408325,0.0,118.74,0,0.0,0.0,0.0,-784.3056788328046,13358,0,185.06
2018-06-07,QQQ,61.48885194980921,0.0,174.43,TLT,28.037105606408325,0.0,119.89,0,0.0,0.0,0.0,-784.3056788328046,13302,0,183.63
2018-06-08,QQQ,61.48885194980921,0.0,174.44,TLT,28.037105606408325,0.0,119.53,0,0.0,0.0,0.0,-784.3056788328046,13293,0,183.64
2018-06-11,QQQ,61.48885194980921,0.0,174.91,TLT,28.037105606408325,0.0,119.31,0,0.0,0.0,0.0,-784.3056788328046,13315,0,184.10999999999999
2018-06-12,QQQ,61.48885194980921,0.0,175.83,TLT,28.037105606408325,0.0,119.34,0,0.0,0.0,0.0,-784.3056788328046,13373,0,185.03
2018-06-13,QQQ,61.48885194980921,0.0,175.82,TLT,28.037105606408325,0.0,119.28,0,0.0,0.0,0.0,-784.3056788328046,13370,0,185.01999999999998
2018-06-14,QQQ,61.48885194980921,0.0,177.6,TLT,28.037105606408325,0.0,120.27,0,0.0,0.0,0.0,-784.3056788328046,13508,0,186.79999999999998
2018-06-15,QQQ,61.48885194980921,0.0,176.98,TLT,28.037105606408325,0.0,120.38,0,0.0,0.0,0.0,-784.3056788328046,13473,0,186.17999999999998
2018-06-18,QQQ,61.48885194980921,0.37799999999999995,176.5,TLT,28.037105606408325,0.0,120.27,0,0.0,0.0,0.0,-784.3056788328046,13440,0,186.078
2018-06-19,QQQ,61.48885194980921,0.0,176.0,TLT,28.037105606408325,0.0,120.97,0,0.0,0.0,0.0,-784.3056788328046,13429,0,185.578
2018-06-20,QQQ,61.48885194980921,0.0,177.25,TLT,28.037105606408325,0.0,119.91,0,0.0,0.0,0.0,-784.3056788328046,13476,0,186.828
2018-06-21,QQQ,61.48885194980921,0.0,175.71,TLT,28.037105606408325,0.0,120.54,0,0.0,0.0,0.0,-784.3056788328046,13399,0,185.288
2018-06-22,QQQ,61.48885194980921,0.0,175.32,TLT,28.037105606408325,0.0,120.53,0,0.0,0.0,0.0,-784.3056788328046,13375,0,184.898
2018-06-25,QQQ,61.48885194980921,0.0,171.37,TLT,28.037105606408325,0.0,120.8,0,0.0,0.0,0.0,-784.3056788328046,13139,0,180.948
2018-06-26,QQQ,61.48885194980921,0.0,172.07,TLT,28.037105606408325,0.0,120.97,0,0.0,0.0,0.0,-784.3056788328046,13187,0,181.648
2018-06-27,QQQ,61.48885194980921,0.0,169.73,TLT,28.037105606408325,0.0,122.11,0,0.0,0.0,0.0,-784.3056788328046,13075,0,179.308
2018-06-28,QQQ,61.48885194980921,0.0,171.19,TLT,28.037105606408325,0.0,122.14,0,0.0,0.0,0.0,-784.3056788328046,13166,0,180.768
2018-06-29,QQQ,61.56640300241259,0.0,171.65,TLT,28.216880952130623,0.0,121.72,0,0.0,0.0,0.0,-792.5904806523098,13209,0,181.228
2018-07-02,QQQ,61.56640300241259,0.0,172.8,TLT,28.216880952130623,0.275,121.35,0,0.0,0.0,0.0,-792.5904806523098,13270,0,182.37800000000001
2018-07-03,QQQ,61.56640300241259,0.0,170.8,TLT,28.216880952130623,0.0,122.0,0,0.0,0.0,0.0,-792.5904806523098,13165,0,180.37800000000001
2018-07-05,QQQ,61.56640300241259,0.0,172.92,TLT,28.216880952130623,0.0,122.35,0,0.0,0.0,0.0,-792.5904806523098,13305,0,182.498
2018-07-06,QQQ,61.56640300241259,0.0,175.61,TLT,28.216880952130623,0.0,122.75,0,0.0,0.0,0.0,-792.5904806523098,13482,0,185.18800000000002
2018-07-09,QQQ,61.56640300241259,0.0,177.19,TLT,28.216880952130623,0.0,121.96,0,0.0,0.0,0.0,-792.5904806523098,13557,0,186.768
2018-07-10,QQQ,61.56640300241259,0.0,177.32,TLT,28.216880952130623,0.0,121.95,0,0.0,0.0,0.0,-792.5904806523098,13565,0,186.898
2018-07-11,QQQ,61.56640300241259,0.0,176.42,TLT,28.216880952130623,0.0,122.42,0,0.0,0.0,0.0,-792.5904806523098,13523,0,185.998
2018-07-12,QQQ,61.56640300241259,0.0,179.46,TLT,28.216880952130623,0.0,122.41,0,0.0,0.0,0.0,-792.5904806523098,13710,0,189.038
2018-07-13,QQQ,61.56640300241259,0.0,179.61,TLT,28.216880952130623,0.0,122.72,0,0.0,0.0,0.0,-792.5904806523098,13728,0,189.18800000000002
2018-07-16,QQQ,61.56640300241259,0.0,179.18,TLT,28.216880952130623,0.0,122.21,0,0.0,0.0,0.0,-792.5904806523098,13687,0,188.758
2018-07-17,QQQ,61.56640300241259,0.0,180.27,TLT,28.216880952130623,0.0,121.98,0,0.0,0.0,0.0,-792.5904806523098,13747,0,189.848
2018-07-18,QQQ,61.56640300241259,0.0,179.93,TLT,28.216880952130623,0.0,121.49,0,0.0,0.0,0.0,-792.5904806523098,13713,0,189.508
2018-07-19,QQQ,61.56640300241259,0.0,179.03,TLT,28.216880952130623,0.0,122.26,0,0.0,0.0,0.0,-792.5904806523098,13679,0,188.608
2018-07-20,QQQ,61.56640300241259,0.0,178.99,TLT,28.216880952130623,0.0,120.76,0,0.0,0.0,0.0,-792.5904806523098,13634,0,188.568
2018-07-23,QQQ,61.56640300241259,0.0,179.56,TLT,28.216880952130623,0.0,119.27,0,0.0,0.0,0.0,-792.5904806523098,13627,0,189.138
2018-07-24,QQQ,61.56640300241259,0.0,180.3,TLT,28.216880952130623,0.0,119.68,0,0.0,0.0,0.0,-792.5904806523098,13684,0,189.87800000000001
2018-07-25,QQQ,61.56640300241259,0.0,182.82,TLT,28.216880952130623,0.0,119.49,0,0.0,0.0,0.0,-792.5904806523098,13834,0,192.398
2018-07-26,QQQ,61.56640300241259,0.0,180.05,TLT,28.216880952130623,0.0,119.26,0,0.0,0.0,0.0,-792.5904806523098,13657,0,189.62800000000001
2018-07-27,QQQ,61.56640300241259,0.0,177.62,TLT,28.216880952130623,0.0,119.46,0,0.0,0.0,0.0,-792.5904806523098,13513,0,187.198
2018-07-30,QQQ,61.56640300241259,0.0,175.11,TLT,28.216880952130623,0.0,119.05,0,0.0,0.0,0.0,-792.5904806523098,13347,0,184.68800000000002
2018-07-31,QQQ,60.999696943628585,0.0,176.45,TLT,29.22392540395623,0.0,119.7,0,0.0,0.0,0.0,-807.2547394277454,13454,0,186.028
2018-08-01,QQQ,60.999696943628585,0.0,177.12,TLT,29.22392540395623,0.267,118.46,0,0.0,0.0,0.0,-807.2547394277454,13458,0,186.698
2018-08-02,QQQ,60.999696943628585,0.0,179.53,TLT,29.22392540395623,0.0,118.63,0,0.0,0.0,0.0,-807.2547394277454,13610,0,189.108
2018-08-03,QQQ,60.999696943628585,0.0,180.08,TLT,29.22392540395623,0.0,119.22,0,0.0,0.0,0.0,-807.2547394277454,13661,0,189.65800000000002
2018-08-06,QQQ,60.999696943628585,0.0,181.14,TLT,29.22392540395623,0.0,119.29,0,0.0,0.0,0.0,-807.2547394277454,13728,0,190.718
2018-08-07,QQQ,60.999696943628585,0.0,181.8,TLT,29.22392540395623,0.0,118.67,0,0.0,0.0,0.0,-807.2547394277454,13750,0,191.37800000000001
2018-08-08,QQQ,60.999696943628585,0.0,182.02,TLT,29.22392540395623,0.0,118.79,0,0.0,0.0,0.0,-807.2547394277454,13767,0,191.598
2018-08-09,QQQ,60.999696943628585,0.0,181.91,TLT,29.22392540395623,0.0,119.79,0,0.0,0.0,0.0,-807.2547394277454,13789,0,191.488
2018-08-10,QQQ,60.999696943628585,0.0,180.52,TLT,29.22392540395623,0.0,120.66,0,0.0,0.0,0.0,-807.2547394277454,13730,0,190.098
2018-08-13,QQQ,60.999696943628585,0.0,180.32,TLT,29.22392540395623,0.0,120.41,0,0.0,0.0,0.0,-807.2547394277454,13711,0,189.898
2018-08-14,QQQ,60.999696943628585,0.0,181.45,TLT,29.22392540395623,0.0,120.14,0,0.0,0.0,0.0,-807.2547394277454,13772,0,191.028
2018-08-15,QQQ,60.999696943628585,0.0,179.23,TLT,29.22392540395623,0.0,120.84,0,0.0,0.0,0.0,-807.2547394277454,13657,0,188.808
2018-08-16,QQQ,60.999696943628585,0.0,179.82,TLT,29.22392540395623,0.0,120.83,0,0.0,0.0,0.0,-807.2547394277454,13692,0,189.398
2018-08-17,QQQ,60.999696943628585,0.0,179.86,TLT,29.22392540395623,0.0,120.98,0,0.0,0.0,0.0,-807.2547394277454,13699,0,189.43800000000002
2018-08-20,QQQ,60.999696943628585,0.0,179.7,TLT,29.22392540395623,0.0,121.79,0,0.0,0.0,0.0,-807.2547394277454,13713,0,189.278
2018-08-21,QQQ,60.999696943628585,0.0,180.36,TLT,29.22392540395623,0.0,121.38,0,0.0,0.0,0.0,-807.2547394277454,13741,0,189.93800000000002
2018-08-22,QQQ,60.999696943628585,0.0,181.06,TLT,29.22392540395623,0.0,121.86,0,0.0,0.0,0.0,-807.2547394277454,13798,0,190.638
2018-08-23,QQQ,60.999696943628585,0.0,180.8,TLT,29.22392540395623,0.0,122.05,0,0.0,0.0,0.0,-807.2547394277454,13788,0,190.37800000000001
2018-08-24,QQQ,60.999696943628585,0.0,182.48,TLT,29.22392540395623,0.0,122.29,0,0.0,0.0,0.0,-807.2547394277454,13897,0,192.058
2018-08-27,QQQ,60.999696943628585,0.0,184.34,TLT,29.22392540395623,0.0,121.59,0,0.0,0.0,0.0,-807.2547394277454,13990,0,193.918
2018-08-28,QQQ,60.999696943628585,0.0,184.61,TLT,29.22392540395623,0.0,120.86,0,0.0,0.0,0.0,-807.2547394277454,13985,0,194.18800000000002
2018-08-29,QQQ,60.999696943628585,0.0,186.74,TLT,29.22392540395623,0.0,121.02,0,0.0,0.0,0.0,-807.2547394277454,14120,0,196.318
2018-08-30,QQQ,60.999696943628585,0.0,186.41,TLT,29.22392540395623,0.0,121.28,0,0.0,0.0,0.0,-807.2547394277454,14107,0,195.988
2018-08-31,QQQ,60.521215872504925,0.0,186.65,TLT,30.341261209470982,0.0,121.0,0,0.0,0.0,0.0,-847.221370695229,14120,0,196.228
2018-09-04,QQQ,60.521215872504925,0.0,185.85,TLT,30.341261209470982,0.272,120.03,0,0.0,0.0,0.0,-847.221370695229,14042,0,195.428
2018-09-05,QQQ,60.521215872504925,0.0,183.45,TLT,30.341261209470982,0.0,119.71,0,0.0,0.0,0.0,-847.221370695229,13887,0,193.028
2018-09-06,QQQ,60.521215872504925,0.0,181.81,TLT,30.341261209470982,0.0,120.15,0,0.0,0.0,0.0,-847.221370695229,13801,0,191.388
2018-09-07,QQQ,60.521215872504925,0.0,181.11,TLT,30.341261209470982,0.0,119.13,0,0.0,0.0,0.0,-847.221370695229,13728,0,190.68800000000002
2018-09-10,QQQ,60.521215872504925,0.0,181.72,TLT,30.341261209470982,0.0,119.57,0,0.0,0.0,0.0,-847.221370695229,13778,0,191.298
2018-09-11,QQQ,60.521215872504925,0.0,183.12,TLT,30.341261209470982,0.0,118.66,0,0.0,0.0,0.0,-847.221370695229,13835,0,192.698
2018-09-12,QQQ,60.521215872504925,0.0,182.58,TLT,30.341261209470982,0.0,118.94,0,0.0,0.0,0.0,-847.221370695229,13811,0,192.15800000000002
2018-09-13,QQQ,60.521215872504925,0.0,184.53,TLT,30.341261209470982,0.0,119.12,0,0.0,0.0,0.0,-847.221370695229,13935,0,194.108
2018-09-14,QQQ,60.521215872504925,0.0,183.99,TLT,30.341261209470982,0.0,118.55,0,0.0,0.0,0.0,-847.221370695229,13885,0,193.568
2018-09-17,QQQ,60.521215872504925,0.0,181.34,TLT,30.341261209470982,0.0,118.55,0,0.0,0.0,0.0,-847.221370695229,13724,0,190.918
2018-09-18,QQQ,60.521215872504925,0.0,182.84,TLT,30.341261209470982,0.0,117.31,0,0.0,0.0,0.0,-847.221370695229,13777,0,192.418
2018-09-19,QQQ,60.521215872504925,0.0,182.7,TLT,30.341261209470982,0.0,116.61,0,0.0,0.0,0.0,-847.221370695229,13748,0,192.278
2018-09-20,QQQ,60.521215872504925,0.0,184.72,TLT,30.341261209470982,0.0,117.15,0,0.0,0.0,0.0,-847.221370695229,13886,0,194.298
2018-09-21,QQQ,60.521215872504925,0.0,183.71,TLT,30.341261209470982,0.0,117.1,0,0.0,0.0,0.0,-847.221370695229,13824,0,193.288
2018-09-24,QQQ,60.521215872504925,0.33,183.89,TLT,30.341261209470982,0.0,116.8,0,0.0,0.0,0.0,-847.221370695229,13825,0,193.79799999999997
2018-09-25,QQQ,60.521215872504925,0.0,184.14,TLT,30.341261209470982,0.0,116.68,0,0.0,0.0,0.0,-847.221370695229,13837,0,194.04799999999997
2018-09-26,QQQ,60.521215872504925,0.0,184.27,TLT,30.341261209470982,0.0,117.5,0,0.0,0.0,0.0,-847.221370695229,13870,0,194.178
2018-09-27,QQQ,60.521215872504925,0.0,185.83,TLT,30.341261209470982,0.0,117.58,0,0.0,0.0,0.0,-847.221370695229,13966,0,195.738
2018-09-28,QQQ,60.19457396049447,0.0,185.79,TLT,30.99389201193048,0.0,117.27,0,0.0,0.0,0.0,-838.7662422090209,13979,0,195.69799999999998
2018-10-01,QQQ,60.19457396049447,0.0,186.17,TLT,30.99389201193048,0.261,116.15,0,0.0,0.0,0.0,-838.7662422090209,13967,0,196.07799999999997
2018-10-02,QQQ,60.19457396049447,0.0,185.75,TLT,30.99389201193048,0.0,116.86,0,0.0,0.0,0.0,-838.7662422090209,13964,0,195.658
2018-10-03,QQQ,60.19457396049447,0.0,185.95,TLT,30.99389201193048,0.0,114.83,0,0.0,0.0,0.0,-838.7662422090209,13913,0,195.85799999999998
2018-10-04,QQQ,60.19457396049447,0.0,182.38,TLT,30.99389201193048,0.0,114.02,0,0.0,0.0,0.0,-838.7662422090209,13673,0,192.28799999999998
2018-10-05,QQQ,60.19457396049447,0.0,180.15,TLT,30.99389201193048,0.0,113.04,0,0.0,0.0,0.0,-838.7662422090209,13508,0,190.058
2018-10-08,QQQ,60.19457396049447,0.0,179.05,TLT,30.99389201193048,0.0,112.66,0,0.0,0.0,0.0,-838.7662422090209,13430,0,188.958
2018-10-09,QQQ,60.19457396049447,0.0,179.63,TLT,30.99389201193048,0.0,113.8,0,0.0,0.0,0.0,-838.7662422090209,13501,0,189.53799999999998
2018-10-10,QQQ,60.19457396049447,0.0,171.73,TLT,30.99389201193048,0.0,113.49,0,0.0,0.0,0.0,-838.7662422090209,13015,0,181.63799999999998
2018-10-11,QQQ,60.19457396049447,0.0,169.6,TLT,30.99389201193048,0.0,114.87,0,0.0,0.0,0.0,-838.7662422090209,12930,0,179.50799999999998
2018-10-12,QQQ,60.19457396049447,0.0,174.32,TLT,30.99389201193048,0.0,114.47,0,0.0,0.0,0.0,-838.7662422090209,13202,0,184.22799999999998
2018-10-15,QQQ,60.19457396049447,0.0,172.21,TLT,30.99389201193048,0.0,114.42,0,0.0,0.0,0.0,-838.7662422090209,13073,0,182.118
2018-10-16,QQQ,60.19457396049447,0.0,177.22,TLT,30.99389201193048,0.0,114.68,0,0.0,0.0,0.0,-838.7662422090209,13383,0,187.128
2018-10-17,QQQ,60.19457396049447,0.0,177.29,TLT,30.99389201193048,0.0,114.0,0,0.0,0.0,0.0,-838.7662422090209,13366,0,187.19799999999998
2018-10-18,QQQ,60.19457396049447,0.0,173.18,TLT,30.99389201193048,0.0,113.96,0,0.0,0.0,0.0,-838.7662422090209,13117,0,183.088
2018-10-19,QQQ,60.19457396049447,0.0,173.02,TLT,30.99389201193048,0.0,113.71,0,0.0,0.0,0.0,-838.7662422090209,13100,0,182.928
2018-10-22,QQQ,60.19457396049447,0.0,173.91,TLT,30.99389201193048,0.0,113.56,0,0.0,0.0,0.0,-838.7662422090209,13149,0,183.81799999999998
2018-10-23,QQQ,60.19457396049447,0.0,173.27,TLT,30.99389201193048,0.0,113.92,0,0.0,0.0,0.0,-838.7662422090209,13121,0,183.178
2018-10-24,QQQ,60.19457396049447,0.0,165.34,TLT,30.99389201193048,0.0,114.78,0,0.0,0.0,0.0,-838.7662422090209,12671,0,175.248
2018-10-25,QQQ,60.19457396049447,0.0,171.06,TLT,30.99389201193048,0.0,114.3,0,0.0,0.0,0.0,-838.7662422090209,13000,0,180.968
2018-10-26,QQQ,60.19457396049447,0.0,166.66,TLT,30.99389201193048,0.0,114.99,0,0.0,0.0,0.0,-838.7662422090209,12757,0,176.56799999999998
2018-10-29,QQQ,60.19457396049447,0.0,163.23,TLT,30.99389201193048,0.0,114.73,0,0.0,0.0,0.0,-838.7662422090209,12542,0,173.13799999999998
2018-10-30,QQQ,60.19457396049447,0.0,165.92,TLT,30.99389201193048,0.0,114.16,0,0.0,0.0,0.0,-838.7662422090209,12686,0,175.82799999999997
2018-10-31,TLT,118.20539486546267,0.0,113.58,GLD,29.14843410512212,0.0,115.15,0,0.0,0.0,0.0,-3872.8179083132454,12909,0,179.72799999999998
2018-11-01,TLT,118.20539486546267,0.275,113.41,GLD,29.14843410512212,0.0,116.63,0,0.0,0.0,0.0,-3872.8179083132454,12932,0,181.968
2018-11-02,TLT,118.20539486546267,0.0,112.0,GLD,29.14843410512212,0.0,116.65,0,0.0,0.0,0.0,-3872.8179083132454,12766,0,179.28799999999998
2018-11-05,TLT,118.20539486546267,0.0,112.44,GLD,29.14843410512212,0.0,116.37,0,0.0,0.0,0.0,-3872.8179083132454,12810,0,178.868
2018-11-06,TLT,118.20539486546267,0.0,112.37,GLD,29.14843410512212,0.0,116.04,0,0.0,0.0,0.0,-3872.8179083132454,12792,0,180.148
2018-11-07,TLT,118.20539486546267,0.0,112.52,GLD,29.14843410512212,0.0,116.03,0,0.0,0.0,0.0,-3872.8179083132454,12809,0,185.488
2018-11-08,TLT,118.20539486546267,0.0,112.51,GLD,29.14843410512212,0.0,115.78,0,0.0,0.0,0.0,-3872.8179083132454,12801,0,184.368
2018-11-09,TLT,118.20539486546267,0.0,113.35,GLD,29.14843410512212,0.0,114.48,0,0.0,0.0,0.0,-3872.8179083132454,12862,0,181.428
2018-11-12,TLT,118.20539486546267,0.0,114.09,GLD,29.14843410512212,0.0,113.66,0,0.0,0.0,0.0,-3872.8179083132454,12926,0,176.238
2018-11-13,TLT,118.20539486546267,0.0,114.02,GLD,29.14843410512212,0.0,113.7,0,0.0,0.0,0.0,-3872.8179083132454,12919,0,176.378
2018-11-14,TLT,118.20539486546267,0.0,114.09,GLD,29.14843410512212,0.0,114.64,0,0.0,0.0,0.0,-3872.8179083132454,12954,0,175.10799999999998
2018-11-15,TLT,118.20539486546267,0.0,114.04,GLD,29.14843410512212,0.0,114.77,0,0.0,0.0,0.0,-3872.8179083132454,12952,0,177.998
2018-11-16,TLT,118.20539486546267,0.0,114.7,GLD,29.14843410512212,0.0,115.62,0,0.0,0.0,0.0,-3872.8179083132454,13055,0,177.408
2018-11-19,TLT,118.20539486546267,0.0,115.02,GLD,29.14843410512212,0.0,115.67,0,0.0,0.0,0.0,-3872.8179083132454,13094,0,171.968
2018-11-20,TLT,118.20539486546267,0.0,115.06,GLD,29.14843410512212,0.0,115.67,0,0.0,0.0,0.0,-3872.8179083132454,13099,0,169.06799999999998
2018-11-21,TLT,118.20539486546267,0.0,115.02,GLD,29.14843410512212,0.0,115.86,0,0.0,0.0,0.0,-3872.8179083132454,13100,0,170.278
2018-11-23,TLT,118.20539486546267,0.0,115.14,GLD,29.14843410512212,0.0,115.77,0,0.0,0.0,0.0,-3872.8179083132454,13111,0,169.118
2018-11-26,TLT,118.20539486546267,0.0,114.88,GLD,29.14843410512212,0.0,115.64,0,0.0,0.0,0.0,-3872.8179083132454,13077,0,172.79799999999997
2018-11-27,TLT,118.20539486546267,0.0,115.01,GLD,29.14843410512212,0.0,114.95,0,0.0,0.0,0.0,-3872.8179083132454,13072,0,173.34799999999998
2018-11-28,TLT,118.20539486546267,0.0,114.45,GLD,29.14843410512212,0.0,115.38,0,0.0,0.0,0.0,-3872.8179083132454,13018,0,178.60799999999998
2018-11-29,TLT,118.20539486546267,0.0,114.9,GLD,29.14843410512212,0.0,115.74,0,0.0,0.0,0.0,-3872.8179083132454,13082,0,178.058
2018-11-30,TLT,118.63354930187981,0.0,115.33,GLD,29.60448165350917,0.0,115.54,0,0.0,0.0,0.0,-3946.732857976673,13155,0,179.278
2018-12-03,TLT,118.63354930187981,0.267,115.88,GLD,29.60448165350917,0.0,116.41,0,0.0,0.0,0.0,-3946.732857976673,13246,0,182.238
2018-12-04,TLT,118.63354930187981,0.0,117.82,GLD,29.60448165350917,0.0,117.12,0,0.0,0.0,0.0,-3946.732857976673,13497,0,175.628
2018-12-06,TLT,118.63354930187981,0.0,118.19,GLD,29.60448165350917,0.0,117.14,0,0.0,0.0,0.0,-3946.732857976673,13542,0,176.79799999999997
2018-12-07,TLT,118.63354930187981,0.0,118.41,GLD,29.60448165350917,0.0,118.09,0,0.0,0.0,0.0,-3946.732857976673,13596,0,171.28799999999998
2018-12-10,TLT,118.63354930187981,0.0,118.9,GLD,29.60448165350917,0.0,117.68,0,0.0,0.0,0.0,-3946.732857976673,13642,0,172.97799999999998
2018-12-11,TLT,118.63354930187981,0.0,118.88,GLD,29.60448165350917,0.0,117.54,0,0.0,0.0,0.0,-3946.732857976673,13636,0,173.518
2018-12-12,TLT,118.63354930187981,0.0,118.35,GLD,29.60448165350917,0.0,117.79,0,0.0,0.0,0.0,-3946.732857976673,13580,0,174.958
2018-12-13,TLT,118.63354930187981,0.0,118.07,GLD,29.60448165350917,0.0,117.53,0,0.0,0.0,0.0,-3946.732857976673,13539,0,175.00799999999998
2018-12-14,TLT,118.63354930187981,0.0,118.48,GLD,29.60448165350917,0.0,117.06,0,0.0,0.0,0.0,-3946.732857976673,13574,0,170.988
2018-12-17,TLT,118.63354930187981,0.0,119.17,GLD,29.60448165350917,0.0,117.87,0,0.0,0.0,0.0,-3946.732857976673,13680,0,167.338
2018-12-18,TLT,118.63354930187981,0.282,119.6,GLD,29.60448165350917,0.0,118.15,0,0.0,0.0,0.0,-3946.732857976673,13739,0,168.32799999999997
2018-12-19,TLT,118.63354930187981,0.0,121.18,GLD,29.60448165350917,0.0,117.43,0,0.0,0.0,0.0,-3946.732857976673,13905,0,164.438
2018-12-20,TLT,118.63354930187981,0.0,120.74,GLD,29.60448165350917,0.0,119.24,0,0.0,0.0,0.0,-3946.732857976673,13907,0,162.19799999999998
2018-12-21,TLT,118.63354930187981,0.0,120.72,GLD,29.60448165350917,0.0,118.72,0,0.0,0.0,0.0,-3946.732857976673,13889,0,157.47799999999998
2018-12-24,TLT,118.63354930187981,0.0,121.32,GLD,29.60448165350917,0.0,120.02,0,0.0,0.0,0.0,-3946.732857976673,13999,0,153.829
2018-12-26,TLT,118.63354930187981,0.0,120.02,GLD,29.60448165350917,0.0,119.66,0,0.0,0.0,0.0,-3946.732857976673,13834,0,162.78900000000002
2018-12-27,TLT,118.63354930187981,0.0,120.04,GLD,29.60448165350917,0.0,120.57,0,0.0,0.0,0.0,-3946.732857976673,13863,0,163.37900000000002
2018-12-28,TLT,118.63354930187981,0.0,121.05,GLD,29.60448165350917,0.0,121.06,0,0.0,0.0,0.0,-3946.732857976673,13997,0,163.299
2018-12-31,TLT,45.30348598805191,0.0,121.51,GLD,45.40063160749021,0.0,121.25,QQQ,36.60038883675039,0.0,154.26,-2540.689191880704,14114,0,164.589
2019-01-02,TLT,45.30348598805191,0.0,122.15,GLD,45.40063160749021,0.0,121.33,QQQ,36.60038883675039,0.0,154.88,-2540.689191880704,14170,0,165.209
2019-01-03,TLT,45.30348598805191,0.0,123.54,GLD,45.40063160749021,0.0,122.43,QQQ,36.60038883675039,0.0,149.82,-2540.689191880704,14097,0,160.149
2019-01-04,TLT,45.30348598805191,0.0,122.11,GLD,45.40063160749021,0.0,121.44,QQQ,36.60038883675039,0.0,156.23,-2540.689191880704,14222,0,166.559
2019-01-07,TLT,45.30348598805191,0.0,121.75,GLD,45.40063160749021,0.0,121.86,QQQ,36.60038883675039,0.0,158.09,-2540.689191880704,14293,0,168.419
2019-01-08,TLT,45.30348598805191,0.0,121.43,GLD,45.40063160749021,0.0,121.53,QQQ,36.60038883675039,0.0,159.52,-2540.689191880704,14316,0,169.84900000000002
2019-01-09,TLT,45.30348598805191,0.0,121.24,GLD,45.40063160749021,0.0,122.31,QQQ,36.60038883675039,0.0,160.82,-2540.689191880704,14390,0,171.149
2019-01-10,TLT,45.30348598805191,0.0,120.46,GLD,45.40063160749021,0.0,121.59,QQQ,36.60038883675039,0.0,161.28,-2540.689191880704,14339,0,171.609
2019-01-11,TLT,45.30348598805191,0.0,120.93,GLD,45.40063160749021,0.0,121.8,QQQ,36.60038883675039,0.0,160.69,-2540.689191880704,14348,0,171.019
2019-01-14,TLT,45.30348598805191,0.0,120.48,GLD,45.40063160749021,0.0,122.09,QQQ,36.60038883675039,0.0,159.27,-2540.689191880704,14289,0,169.59900000000002
2019-01-15,TLT,45.30348598805191,0.0,120.04,GLD,45.40063160749021,0.0,121.88,QQQ,36.60038883675039,0.0,162.38,-2540.689191880704,14374,0,172.709
2019-01-16,TLT,45.30348598805191,0.0,120.16,GLD,45.40063160749021,0.0,122.27,QQQ,36.60038883675039,0.0,162.35,-2540.689191880704,14396,0,172.679
2019-01-17,TLT,45.30348598805191,0.0,120.19,GLD,45.40063160749021,0.0,122.11,QQQ,36.60038883675039,0.0,163.63,-2540.689191880704,14437,0,173.959
2019-01-18,TLT,45.30348598805191,0.0,119.56,GLD,45.40063160749021,0.0,121.02,QQQ,36.60038883675039,0.0,165.25,-2540.689191880704,14418,0,175.579
2019-01-22,TLT,45.30348598805191,0.0,120.37,GLD,45.40063160749021,0.0,121.45,QQQ,36.60038883675039,0.0,161.94,-2540.689191880704,14353,0,172.269
2019-01-23,TLT,45.30348598805191,0.0,120.32,GLD,45.40063160749021,0.0,121.28,QQQ,36.60038883675039,0.0,162.15,-2540.689191880704,14351,0,172.479
2019-01-24,TLT,45.30348598805191,0.0,121.11,GLD,45.40063160749021,0.0,121.09,QQQ,36.60038883675039,0.0,163.2,-2540.689191880704,14416,0,173.529
2019-01-25,TLT,45.30348598805191,0.0,120.53,GLD,45.40063160749021,0.0,122.86,QQQ,36.60038883675039,0.0,165.15,-2540.689191880704,14542,0,175.479
2019-01-28,TLT,45.30348598805191,0.0,120.41,GLD,45.40063160749021,0.0,123.29,QQQ,36.60038883675039,0.0,163.11,-2540.689191880704,14481,0,173.43900000000002
2019-01-29,TLT,45.30348598805191,0.0,121.02,GLD,45.40063160749021,0.0,123.98,QQQ,36.60038883675039,0.0,161.57,-2540.689191880704,14484,0,171.899
2019-01-30,TLT,45.30348598805191,0.0,120.93,GLD,45.40063160749021,0.0,124.69,QQQ,36.60038883675039,0.0,165.68,-2540.689191880704,14662,0,176.00900000000001
2019-01-31,TLT,47.32879476775183,0.0,121.97,GLD,46.274092968518566,0.0,124.75,QQQ,35.20879441937283,0.0,168.16,-2664.3198913027827,14801,0,178.489
2019-02-01,TLT,47.32879476775183,0.275,120.96,GLD,46.274092968518566,0.0,124.5,QQQ,35.20879441937283,0.0,167.45,-2664.3198913027827,14717,0,177.779
2019-02-04,TLT,47.32879476775183,0.0,120.42,GLD,46.274092968518566,0.0,123.96,QQQ,35.20879441937283,0.0,169.53,-2664.3198913027827,14740,0,179.859
2019-02-05,TLT,47.32879476775183,0.0,120.97,GLD,46.274092968518566,0.0,124.28,QQQ,35.20879441937283,0.0,171.03,-2664.3198913027827,14833,0,181.359
2019-02-06,TLT,47.32879476775183,0.0,121.03,GLD,46.274092968518566,0.0,123.44,QQQ,35.20879441937283,0.0,170.52,-2664.3198913027827,14779,0,180.84900000000002
2019-02-07,TLT,47.32879476775183,0.0,121.83,GLD,46.274092968518566,0.0,123.74,QQQ,35.20879441937283,0.0,168.23,-2664.3198913027827,14750,0,178.559
2019-02-08,TLT,47.32879476775183,0.0,122.35,GLD,46.274092968518566,0.0,124.21,QQQ,35.20879441937283,0.0,168.56,-2664.3198913027827,14808,0,178.889
2019-02-11,TLT,47.32879476775183,0.0,121.87,GLD,46.274092968518566,0.0,123.6,QQQ,35.20879441937283,0.0,168.4,-2664.3198913027827,14752,0,178.729
2019-02-12,TLT,47.32879476775183,0.0,121.56,GLD,46.274092968518566,0.0,123.86,QQQ,35.20879441937283,0.0,170.89,-2664.3198913027827,14837,0,181.219
2019-02-13,TLT,47.32879476775183,0.0,121.1,GLD,46.274092968518566,0.0,123.37,QQQ,35.20879441937283,0.0,171.01,-2664.3198913027827,14797,0,181.339
2019-02-14,TLT,47.32879476775183,0.0,121.79,GLD,46.274092968518566,0.0,124.06,QQQ,35.20879441937283,0.0,171.22,-2664.3198913027827,14869,0,181.549
2019-02-15,TLT,47.32879476775183,0.0,121.98,GLD,46.274092968518566,0.0,124.8,QQQ,35.20879441937283,0.0,171.94,-2664.3198913027827,14937,0,182.269
2019-02-19,TLT,47.32879476775183,0.0,122.29,GLD,46.274092968518566,0.0,126.7,QQQ,35.20879441937283,0.0,172.28,-2664.3198913027827,15052,0,182.609
2019-02-20,TLT,47.32879476775183,0.0,121.94,GLD,46.274092968518566,0.0,126.48,QQQ,35.20879441937283,0.0,172.25,-2664.3198913027827,15024,0,182.579
2019-02-21,TLT,47.32879476775183,0.0,120.85,GLD,46.274092968518566,0.0,125.05,QQQ,35.20879441937283,0.0,171.62,-2664.3198913027827,14884,0,181.949
2019-02-22,TLT,47.32879476775183,0.0,121.57,GLD,46.274092968518566,0.0,125.5,QQQ,35.20879441937283,0.0,172.89,-2664.3198913027827,14984,0,183.219
2019-02-25,TLT,47.32879476775183,0.0,121.21,GLD,46.274092968518566,0.0,125.37,QQQ,35.20879441937283,0.0,173.52,-2664.3198913027827,14983,0,183.84900000000002
2019-02-26,TLT,47.32879476775183,0.0,121.81,GLD,46.274092968518566,0.0,125.58,QQQ,35.20879441937283,0.0,173.7,-2664.3198913027827,15027,0,184.029
2019-02-27,TLT,47.32879476775183,0.0,120.43,GLD,46.274092968518566,0.0,124.69,QQQ,35.20879441937283,0.0,173.59,-2664.3198913027827,14917,0,183.919
2019-02-28,QQQ,68.64822138038275,0.0,173.19,TLT,32.194511537929166,0.0,120.02,0,0.0,0.0,0.0,-891.6889095651372,14861,0,183.519
2019-03-01,QQQ,68.64822138038275,0.0,174.39,TLT,32.194511537929166,0.253,118.66,0,0.0,0.0,0.0,-891.6889095651372,14900,0,184.719
2019-03-04,QQQ,68.64822138038275,0.0,174.42,TLT,32.194511537929166,0.0,119.59,0,0.0,0.0,0.0,-891.6889095651372,14932,0,184.749
2019-03-05,QQQ,68.64822138038275,0.0,174.55,TLT,32.194511537929166,0.0,119.84,0,0.0,0.0,0.0,-891.6889095651372,14949,0,184.87900000000002
2019-03-06,QQQ,68.64822138038275,0.0,173.56,TLT,32.194511537929166,0.0,120.28,0,0.0,0.0,0.0,-891.6889095651372,14895,0,183.889
2019-03-07,QQQ,68.64822138038275,0.0,171.43,TLT,32.194511537929166,0.0,121.06,0,0.0,0.0,0.0,-891.6889095651372,14774,0,181.75900000000001
2019-03-08,QQQ,68.64822138038275,0.0,171.17,TLT,32.194511537929166,0.0,121.57,0,0.0,0.0,0.0,-891.6889095651372,14772,0,181.499
2019-03-11,QQQ,68.64822138038275,0.0,174.73,TLT,32.194511537929166,0.0,121.21,0,0.0,0.0,0.0,-891.6889095651372,15005,0,185.059
2019-03-12,QQQ,68.64822138038275,0.0,175.69,TLT,32.194511537929166,0.0,122.06,0,0.0,0.0,0.0,-891.6889095651372,15098,0,186.019
2019-03-13,QQQ,68.64822138038275,0.0,177.01,TLT,32.194511537929166,0.0,121.83,0,0.0,0.0,0.0,-891.6889095651372,15181,0,187.339
2019-03-14,QQQ,68.64822138038275,0.0,176.71,TLT,32.194511537929166,0.0,120.95,0,0.0,0.0,0.0,-891.6889095651372,15133,0,187.03900000000002
2019-03-15,QQQ,68.64822138038275,0.0,178.35,TLT,32.194511537929166,0.0,121.75,0,0.0,0.0,0.0,-891.6889095651372,15271,0,188.679
2019-03-18,QQQ,68.64822138038275,0.324,178.45,TLT,32.194511537929166,0.0,121.68,0,0.0,0.0,0.0,-891.6889095651372,15276,0,189.10299999999998
2019-03-19,QQQ,68.64822138038275,0.0,179.05,TLT,32.194511537929166,0.0,121.41,0,0.0,0.0,0.0,-891.6889095651372,15308,0,189.703
2019-03-20,QQQ,68.64822138038275,0.0,179.76,TLT,32.194511537929166,0.0,122.68,0,0.0,0.0,0.0,-891.6889095651372,15398,0,190.41299999999998
2019-03-21,QQQ,68.64822138038275,0.0,182.57,TLT,32.194511537929166,0.0,122.95,0,0.0,0.0,0.0,-891.6889095651372,15599,0,193.22299999999998
2019-03-22,QQQ,68.64822138038275,0.0,178.56,TLT,32.194511537929166,0.0,124.86,0,0.0,0.0,0.0,-891.6889095651372,15385,0,189.213
2019-03-25,QQQ,68.64822138038275,0.0,178.22,TLT,32.194511537929166,0.0,125.06,0,0.0,0.0,0.0,-891.6889095651372,15369,0,188.873
2019-03-26,QQQ,68.64822138038275,0.0,179.05,TLT,32.194511537929166,0.0,124.97,0,0.0,0.0,0.0,-891.6889095651372,15423,0,189.703
2019-03-27,QQQ,68.64822138038275,0.0,177.9,TLT,32.194511537929166,0.0,126.12,0,0.0,0.0,0.0,-891.6889095651372,15381,0,188.553
2019-03-28,QQQ,68.64822138038275,0.0,178.31,TLT,32.194511537929166,0.0,126.56,0,0.0,0.0,0.0,-891.6889095651372,15423,0,188.963
2019-03-29,QQQ,69.19101900978248,0.0,179.66,TLT,31.95214334444554,0.0,126.44,0,0.0,0.0,0.0,-932.3143856473148,15538,0,190.313
2019-04-01,QQQ,69.19101900978248,0.0,182.04,TLT,31.95214334444554,0.278,124.37,0,0.0,0.0,0.0,-932.3143856473148,15637,0,192.69299999999998
2019-04-02,QQQ,69.19101900978248,0.0,182.73,TLT,31.95214334444554,0.0,124.6,0,0.0,0.0,0.0,-932.3143856473148,15692,0,193.38299999999998
2019-04-03,QQQ,69.19101900978248,0.0,183.78,TLT,31.95214334444554,0.0,123.52,0,0.0,0.0,0.0,-932.3143856473148,15730,0,194.433
2019-04-04,QQQ,69.19101900978248,0.0,183.71,TLT,31.95214334444554,0.0,123.87,0,0.0,0.0,0.0,-932.3143856473148,15736,0,194.363
2019-04-05,QQQ,69.19101900978248,0.0,184.66,TLT,31.95214334444554,0.0,124.03,0,0.0,0.0,0.0,-932.3143856473148,15807,0,195.313
2019-04-08,QQQ,69.19101900978248,0.0,185.13,TLT,31.95214334444554,0.0,123.59,0,0.0,0.0,0.0,-932.3143856473148,15825,0,195.783
2019-04-09,QQQ,69.19101900978248,0.0,184.48,TLT,31.95214334444554,0.0,123.98,0,0.0,0.0,0.0,-932.3143856473148,15793,0,195.13299999999998
2019-04-10,QQQ,69.19101900978248,0.0,185.47,TLT,31.95214334444554,0.0,124.28,0,0.0,0.0,0.0,-932.3143856473148,15871,0,196.123
2019-04-11,QQQ,69.19101900978248,0.0,185.03,TLT,31.95214334444554,0.0,123.55,0,0.0,0.0,0.0,-932.3143856473148,15817,0,195.683
2019-04-12,QQQ,69.19101900978248,0.0,185.83,TLT,31.95214334444554,0.0,122.67,0,0.0,0.0,0.0,-932.3143856473148,15845,0,196.483
2019-04-15,QQQ,69.19101900978248,0.0,185.86,TLT,31.95214334444554,0.0,122.98,0,0.0,0.0,0.0,-932.3143856473148,15857,0,196.513
2019-04-16,QQQ,69.19101900978248,0.0,186.5,TLT,31.95214334444554,0.0,122.21,0,0.0,0.0,0.0,-932.3143856473148,15876,0,197.153
2019-04-17,QQQ,69.19101900978248,0.0,187.15,TLT,31.95214334444554,0.0,122.26,0,0.0,0.0,0.0,-932.3143856473148,15923,0,197.803
2019-04-18,QQQ,69.19101900978248,0.0,187.39,TLT,31.95214334444554,0.0,122.9,0,0.0,0.0,0.0,-932.3143856473148,15960,0,198.04299999999998
2019-04-22,QQQ,69.19101900978248,0.0,187.92,TLT,31.95214334444554,0.0,122.31,0,0.0,0.0,0.0,-932.3143856473148,15978,0,198.57299999999998
2019-04-23,QQQ,69.19101900978248,0.0,190.31,TLT,31.95214334444554,0.0,122.57,0,0.0,0.0,0.0,-932.3143856473148,16151,0,200.963
2019-04-24,QQQ,69.19101900978248,0.0,189.71,TLT,31.95214334444554,0.0,123.57,0,0.0,0.0,0.0,-932.3143856473148,16142,0,200.363
2019-04-25,QQQ,69.19101900978248,0.0,190.48,TLT,31.95214334444554,0.0,123.39,0,0.0,0.0,0.0,-932.3143856473148,16189,0,201.13299999999998
2019-04-26,QQQ,69.19101900978248,0.0,190.65,TLT,31.95214334444554,0.0,123.81,0,0.0,0.0,0.0,-932.3143856473148,16214,0,201.303
2019-04-29,QQQ,69.19101900978248,0.0,191.02,TLT,31.95214334444554,0.0,123.02,0,0.0,0.0,0.0,-932.3143856473148,16215,0,201.673
2019-04-30,QQQ,68.12252108588089,0.0,189.54,TLT,33.937576709670886,0.0,123.65,0,0.0,0.0,0.0,-968.3956984963406,16139,0,200.19299999999998
2019-05-01,QQQ,68.12252108588089,0.0,188.93,TLT,33.937576709670886,0.259,123.9,0,0.0,0.0,0.0,-968.3956984963406,16106,0,199.583
2019-05-02,QQQ,68.12252108588089,0.0,188.11,TLT,33.937576709670886,0.0,123.31,0,0.0,0.0,0.0,-968.3956984963406,16030,0,198.763
2019-05-03,QQQ,68.12252108588089,0.0,191.11,TLT,33.937576709670886,0.0,123.66,0,0.0,0.0,0.0,-968.3956984963406,16247,0,201.763
2019-05-06,QQQ,68.12252108588089,0.0,189.94,TLT,33.937576709670886,0.0,124.0,0,0.0,0.0,0.0,-968.3956984963406,16179,0,200.593
2019-05-07,QQQ,68.12252108588089,0.0,186.24,TLT,33.937576709670886,0.0,124.95,0,0.0,0.0,0.0,-968.3956984963406,15959,0,196.893
2019-05-08,QQQ,68.12252108588089,0.0,185.77,TLT,33.937576709670886,0.0,124.41,0,0.0,0.0,0.0,-968.3956984963406,15908,0,196.423
2019-05-09,QQQ,68.12252108588089,0.0,184.77,TLT,33.937576709670886,0.0,124.92,0,0.0,0.0,0.0,-968.3956984963406,15858,0,195.423
2019-05-10,QQQ,68.12252108588089,0.0,185.0,TLT,33.937576709670886,0.0,124.75,0,0.0,0.0,0.0,-968.3956984963406,15867,0,195.653
2019-05-13,QQQ,68.12252108588089,0.0,178.58,TLT,33.937576709670886,0.0,125.73,0,0.0,0.0,0.0,-968.3956984963406,15463,0,189.233
2019-05-14,QQQ,68.12252108588089,0.0,180.54,TLT,33.937576709670886,0.0,125.36,0,0.0,0.0,0.0,-968.3956984963406,15584,0,191.19299999999998
2019-05-15,QQQ,68.12252108588089,0.0,183.09,TLT,33.937576709670886,0.0,126.13,0,0.0,0.0,0.0,-968.3956984963406,15784,0,193.743
2019-05-16,QQQ,68.12252108588089,0.0,184.93,TLT,33.937576709670886,0.0,125.71,0,0.0,0.0,0.0,-968.3956984963406,15895,0,195.583
2019-05-17,QQQ,68.12252108588089,0.0,183.04,TLT,33.937576709670886,0.0,125.99,0,0.0,0.0,0.0,-968.3956984963406,15776,0,193.69299999999998
2019-05-20,QQQ,68.12252108588089,0.0,179.95,TLT,33.937576709670886,0.0,125.73,0,0.0,0.0,0.0,-968.3956984963406,15557,0,190.60299999999998
2019-05-21,QQQ,68.12252108588089,0.0,181.83,TLT,33.937576709670886,0.0,125.53,0,0.0,0.0,0.0,-968.3956984963406,15678,0,192.483
2019-05-22,QQQ,68.12252108588089,0.0,181.02,TLT,33.937576709670886,0.0,126.25,0,0.0,0.0,0.0,-968.3956984963406,15647,0,191.673
2019-05-23,QQQ,68.12252108588089,0.0,178.25,TLT,33.937576709670886,0.0,127.67,0,0.0,0.0,0.0,-968.3956984963406,15507,0,188.903
2019-05-24,QQQ,68.12252108588089,0.0,178.16,TLT,33.937576709670886,0.0,127.78,0,0.0,0.0,0.0,-968.3956984963406,15504,0,188.813
2019-05-28,QQQ,68.12252108588089,0.0,177.49,TLT,33.937576709670886,0.0,128.7,0,0.0,0.0,0.0,-968.3956984963406,15490,0,188.143
2019-05-29,QQQ,68.12252108588089,0.0,176.03,TLT,33.937576709670886,0.0,129.09,0,0.0,0.0,0.0,-968.3956984963406,15404,0,186.683
2019-05-30,QQQ,68.12252108588089,0.0,176.77,TLT,33.937576709670886,0.0,130.2,0,0.0,0.0,0.0,-968.3956984963406,15492,0,187.423
2019-05-31,TLT,45.44557147957396,0.0,131.83,GLD,48.57771578814753,0.0,123.33,QQQ,35.32456092247101,0.0,173.95,-2765.118317608726,15361,0,184.60299999999998
2019-06-03,TLT,45.44557147957396,0.27,132.44,GLD,48.57771578814753,0.0,125.11,QQQ,35.32456092247101,0.0,170.12,-2765.118317608726,15340,0,180.773
2019-06-04,TLT,45.44557147957396,0.0,130.93,GLD,48.57771578814753,0.0,125.15,QQQ,35.32456092247101,0.0,174.91,-2765.118317608726,15443,0,185.563
2019-06-05,TLT,45.44557147957396,0.0,130.19,GLD,48.57771578814753,0.0,125.47,QQQ,35.32456092247101,0.0,176.21,-2765.118317608726,15471,0,186.863
2019-06-06,TLT,45.44557147957396,0.0,130.61,GLD,48.57771578814753,0.0,125.88,QQQ,35.32456092247101,0.0,177.61,-2765.118317608726,15559,0,188.263
2019-06-07,TLT,45.44557147957396,0.0,131.74,GLD,48.57771578814753,0.0,126.59,QQQ,35.32456092247101,0.0,181.04,-2765.118317608726,15766,0,191.69299999999998
2019-06-10,TLT,45.44557147957396,0.0,130.5,GLD,48.57771578814753,0.0,125.33,QQQ,35.32456092247101,0.0,183.15,-2765.118317608726,15723,0,193.803
2019-06-11,TLT,45.44557147957396,0.0,130.58,GLD,48.57771578814753,0.0,125.18,QQQ,35.32456092247101,0.0,183.4,-2765.118317608726,15728,0,194.053
2019-06-12,TLT,45.44557147957396,0.0,130.68,GLD,48.57771578814753,0.0,125.83,QQQ,35.32456092247101,0.0,182.34,-2765.118317608726,15727,0,192.993
2019-06-13,TLT,45.44557147957396,0.0,131.13,GLD,48.57771578814753,0.0,126.6,QQQ,35.32456092247101,0.0,183.42,-2765.118317608726,15823,0,194.07299999999998
2019-06-14,TLT,45.44557147957396,0.0,131.46,GLD,48.57771578814753,0.0,126.56,QQQ,35.32456092247101,0.0,182.64,-2765.118317608726,15808,0,193.29299999999998
2019-06-17,TLT,45.44557147957396,0.0,131.69,GLD,48.57771578814753,0.0,126.48,QQQ,35.32456092247101,0.0,183.74,-2765.118317608726,15854,0,194.393
2019-06-18,TLT,45.44557147957396,0.0,132.35,GLD,48.57771578814753,0.0,127.12,QQQ,35.32456092247101,0.0,186.41,-2765.118317608726,16009,0,197.063
2019-06-19,TLT,45.44557147957396,0.0,132.54,GLD,48.57771578814753,0.0,127.89,QQQ,35.32456092247101,0.0,187.11,-2765.118317608726,16080,0,197.763
2019-06-20,TLT,45.44557147957396,0.0,132.89,GLD,48.57771578814753,0.0,131.11,QQQ,35.32456092247101,0.0,188.85,-2765.118317608726,16314,0,199.503
2019-06-21,TLT,45.44557147957396,0.0,131.43,GLD,48.57771578814753,0.0,131.98,QQQ,35.32456092247101,0.0,188.57,-2765.118317608726,16280,0,199.22299999999998
2019-06-24,TLT,45.44557147957396,0.0,132.41,GLD,48.57771578814753,0.0,133.94,QQQ,35.32456092247101,0.41600000000000004,188.16,-2765.118317608726,16405,0,199.22899999999998
2019-06-25,TLT,45.44557147957396,0.0,132.82,GLD,48.57771578814753,0.0,134.2,QQQ,35.32456092247101,0.0,184.93,-2765.118317608726,16322,0,195.999
2019-06-26,TLT,45.44557147957396,0.0,131.97,GLD,48.57771578814753,0.0,132.97,QQQ,35.32456092247101,0.0,185.79,-2765.118317608726,16254,0,196.85899999999998
2019-06-27,TLT,45.44557147957396,0.0,132.9,GLD,48.57771578814753,0.0,132.84,QQQ,35.32456092247101,0.0,186.5,-2765.118317608726,16315,0,197.569
2019-06-28,QQQ,70.0875530458001,0.0,186.74,TLT,32.02807498024344,0.0,132.81,0,0.0,0.0,0.0,-981.6112241829542,16360,0,197.809
2019-07-01,QQQ,70.0875530458001,0.0,189.26,TLT,32.02807498024344,0.26,132.24,0,0.0,0.0,0.0,-981.6112241829542,16518,0,200.32899999999998
2019-07-02,QQQ,70.0875530458001,0.0,190.01,TLT,32.02807498024344,0.0,133.26,0,0.0,0.0,0.0,-981.6112241829542,16603,0,201.07899999999998
2019-07-03,QQQ,70.0875530458001,0.0,191.44,TLT,32.02807498024344,0.0,134.21,0,0.0,0.0,0.0,-981.6112241829542,16734,0,202.509
2019-07-05,QQQ,70.0875530458001,0.0,191.05,TLT,32.02807498024344,0.0,132.43,0,0.0,0.0,0.0,-981.6112241829542,16650,0,202.119
2019-07-08,QQQ,70.0875530458001,0.0,189.71,TLT,32.02807498024344,0.0,132.61,0,0.0,0.0,0.0,-981.6112241829542,16561,0,200.779
2019-07-09,QQQ,70.0875530458001,0.0,190.66,TLT,32.02807498024344,0.0,132.56,0,0.0,0.0,0.0,-981.6112241829542,16626,0,201.72899999999998
