Date,Open,High,Low,Close,Volume,Dividend
2014-10-31,20.42,20.42,20.38,20.38,2700,0.0
2014-11-03,20.49,20.49,20.35,20.38,2300,0.0
2014-11-04,20.2,20.27,20.2,20.26,7900,0.0
2014-11-05,20.51,20.51,20.0,20.0,14900,0.0
2014-11-06,20.09,20.14,20.07,20.14,2000,0.0
2014-11-07,20.15,20.15,20.08,20.12,1500,0.0
2014-11-10,20.16,20.3,20.16,20.3,3900,0.0
2014-11-11,20.69,20.69,20.23,20.29,2900,0.0
2014-11-12,20.26,20.36,20.24,20.36,2300,0.0
2014-11-13,20.4,20.42,20.3,20.34,11900,0.0
2014-11-14,20.42,20.44,20.42,20.44,1300,0.0
2014-11-17,20.59,20.59,20.36,20.41,3400,0.0
2014-11-18,20.6,20.6,20.6,20.6,1000,0.0
2014-11-19,20.29,20.29,20.29,20.29,1100,0.0
2014-11-20,20.12,20.28,20.1,20.28,1300,0.0
2014-11-21,20.37,20.37,20.36,20.36,1300,0.0
2014-11-24,20.35,20.49,20.35,20.49,2000,0.0
2014-11-25,20.52,20.52,20.52,20.52,600,0.0
2014-11-26,20.53,20.56,20.53,20.56,900,0.0
2014-11-28,20.54,20.65,20.53,20.59,1500,0.0
2014-12-01,20.27,20.27,20.27,20.27,600,0.0
2014-12-02,20.05,20.05,20.05,20.05,900,0.0
2014-12-03,20.09,20.09,20.09,20.09,600,0.0
2014-12-04,20.13,20.18,20.04,20.06,1900,0.0
2014-12-05,20.19,20.19,20.1,20.11,7400,0.0
2014-12-08,20.09,20.09,19.68,19.73,900,0.0
2014-12-09,19.58,19.78,19.5,19.78,1400,0.0
2014-12-10,20.04,20.04,19.73,19.73,900,0.0
2014-12-11,19.85,19.85,19.77,19.77,900,0.0
2014-12-12,19.82,19.82,19.61,19.61,800,0.0
2014-12-15,19.64,19.64,19.28,19.28,1300,0.0
2014-12-16,19.06,19.24,18.95,18.95,1500,0.0
2014-12-17,19.06,19.16,18.95,19.16,800,0.0
2014-12-18,19.84,19.9,19.84,19.88,1100,0.0
2014-12-19,20.19,20.19,20.03,20.16,2100,0.0
2014-12-22,20.35,20.35,20.25,20.33,1200,0.0
2014-12-23,20.4,20.4,20.3,20.34,1800,0.0
2014-12-24,20.65,20.65,20.37,20.37,3200,0.0
2014-12-26,20.41,20.6,20.41,20.6,2400,0.0
2014-12-29,20.47,20.47,20.42,20.43,1500,0.0
2014-12-30,20.58,20.58,20.28,20.3,1000,0.0
2014-12-31,20.35,20.41,20.16,20.16,1300,0.0
2015-01-02,21.0,21.0,19.96,20.17,5600,0.0
2015-01-05,20.37,20.37,19.65,19.68,3200,0.0
2015-01-06,19.79,19.79,19.36,19.61,3300,0.0
2015-01-07,19.83,19.83,19.65,19.7,3900,0.0
2015-01-08,19.94,20.14,19.94,20.14,700,0.0
2015-01-09,20.1,20.1,19.94,19.97,1100,0.0
2015-01-12,20.73,20.73,20.15,20.15,1500,0.0
2015-01-13,20.26,20.26,19.98,19.99,400,0.0
2015-01-14,19.93,19.93,19.83,19.93,3200,0.0
2015-01-15,19.91,19.91,19.48,19.48,2900,0.0
2015-01-16,19.99,19.99,19.59,19.61,900,0.0
2015-01-20,19.8,19.9,19.69,19.89,1000,0.0
2015-01-21,19.97,20.25,19.97,20.25,400,0.0
2015-01-22,20.26,20.53,20.26,20.53,2900,0.0
2015-01-23,20.71,20.73,20.63,20.63,5000,0.0
2015-01-26,20.75,20.75,20.75,20.75,200,0.0
2015-01-27,20.44,20.44,20.44,20.44,1200,0.0
2015-01-28,20.44,20.44,20.35,20.35,300,0.0
2015-01-29,20.33,20.39,20.08,20.39,900,0.0
2015-01-30,20.42,20.42,20.24,20.24,1900,0.0
2015-02-02,20.2,20.37,20.12,20.37,2400,0.0
2015-02-03,20.67,20.67,20.18,20.23,11600,0.0
2015-02-04,20.43,20.46,20.42,20.46,500,0.0
2015-02-05,20.65,20.84,20.65,20.84,1000,0.0
2015-02-06,20.95,20.95,20.79,20.79,6000,0.0
2015-02-09,20.71,20.71,20.63,20.68,2200,0.0
2015-02-10,20.81,20.85,20.81,20.85,300,0.0
2015-02-11,20.95,21.03,20.86,21.03,2200,0.0
2015-02-12,21.0,21.19,21.0,21.18,1700,0.0
2015-02-13,21.27,21.46,21.27,21.45,1900,0.0
2015-02-17,21.6,21.6,21.3,21.34,3400,0.0
2015-02-18,21.34,21.37,21.34,21.37,800,0.0
2015-02-19,21.53,21.54,21.34,21.54,1700,0.0
2015-02-20,21.75,21.75,21.57,21.68,800,0.0
2015-02-23,21.55,21.58,21.48,21.48,1600,0.0
2015-02-24,21.51,21.51,21.42,21.42,900,0.0
2015-02-25,21.51,21.56,21.43,21.43,2400,0.0
2015-02-26,21.7,21.7,21.58,21.64,1300,0.0
2015-02-27,21.51,21.51,21.51,21.51,200,0.0
2015-03-02,21.54,21.54,21.42,21.5,3300,0.0
2015-03-03,21.34,21.34,21.34,21.34,500,0.0
2015-03-04,21.08,21.22,21.08,21.22,300,0.0
2015-03-05,21.35,21.35,21.35,21.35,200,0.0
2015-03-06,21.53,21.53,20.97,20.97,1100,0.0
2015-03-09,21.16,21.16,20.79,20.8,28400,0.0
2015-03-10,20.6,20.6,20.58,20.58,1100,0.0
2015-03-11,20.65,20.67,20.65,20.67,600,0.0
2015-03-12,20.68,20.68,20.68,20.68,200,0.0
2015-03-13,20.59,20.62,20.58,20.62,5100,0.0
2015-03-16,20.83,20.83,20.8,20.8,300,0.0
2015-03-17,20.87,20.87,20.87,20.87,200,0.0
2015-03-18,20.8,20.8,20.8,20.8,1400,0.0
2015-03-19,21.14,21.14,21.1,21.1,600,0.0
2015-03-20,21.33,21.33,21.33,21.33,200,0.0
2015-03-23,21.48,21.48,21.18,21.29,900,0.0
2015-03-24,21.39,21.4,21.29,21.29,3900,0.0
2015-03-25,20.81,20.81,20.81,20.81,200,0.0
2015-03-26,20.79,20.79,20.79,20.79,200,0.0
2015-03-27,20.76,20.76,20.76,20.76,200,0.0
2015-03-30,21.0,21.0,21.0,21.0,100,0.0
2015-03-31,20.82,20.88,20.8,20.83,1100,0.0
2015-04-01,20.5,20.5,20.5,20.5,1000,0.0
2015-04-02,20.59,20.66,20.59,20.66,400,0.0
2015-04-06,20.76,20.97,20.76,20.97,1800,0.0
2015-04-07,21.06,21.07,20.96,20.96,2500,0.0
2015-04-08,21.26,21.26,21.22,21.22,900,0.0
2015-04-09,21.2,21.32,21.18,21.32,1500,0.0
2015-04-10,21.41,21.5,21.41,21.49,2400,0.0
2015-04-13,21.62,21.62,21.53,21.53,300,0.0
2015-04-14,21.42,21.42,21.39,21.39,800,0.0
2015-04-15,21.6,21.6,21.6,21.6,400,0.0
2015-04-16,21.82,21.86,21.82,21.84,1700,0.0
2015-04-17,21.53,21.53,21.4,21.4,1200,0.0
2015-04-20,21.5,21.5,21.5,21.5,100,0.0
2015-04-21,21.67,21.67,21.59,21.59,2200,0.0
2015-04-22,21.74,21.76,21.74,21.76,500,0.0
2015-04-23,22.03,22.03,21.99,21.99,1100,0.0
2015-04-24,22.06,22.08,21.99,21.99,6100,0.0
2015-04-27,22.24,22.24,22.23,22.23,500,0.0
2015-04-28,21.93,21.93,21.73,21.73,600,0.0
2015-04-29,21.54,21.58,21.23,21.55,2000,0.0
2015-04-30,21.17,21.17,20.95,20.95,3300,0.0
2015-05-01,20.84,20.84,20.79,20.79,400,0.0
2015-05-04,20.66,21.09,20.58,21.01,4600,0.0
2015-05-05,20.77,20.77,20.77,20.77,100,0.0
2015-05-06,20.61,20.64,20.61,20.64,1300,0.0
2015-05-07,20.76,20.86,20.76,20.86,300,0.0
2015-05-08,20.87,20.89,20.84,20.84,500,0.0
2015-05-11,20.91,21.0,20.91,21.0,1300,0.0
2015-05-12,20.9,20.9,20.9,20.9,100,0.0
2015-05-13,21.01,21.01,21.01,21.01,200,0.0
2015-05-14,21.18,21.18,21.18,21.18,200,0.0
2015-05-15,21.13,21.13,21.13,21.13,400,0.0
2015-05-18,21.25,21.25,21.25,21.25,300,0.0
2015-05-19,21.28,21.28,21.26,21.26,800,0.0
2015-05-20,21.22,21.22,21.22,21.22,500,0.0
2015-05-21,21.48,21.48,21.41,21.41,1400,0.0
2015-05-22,21.52,21.52,21.46,21.46,300,0.0
2015-05-26,21.45,21.45,21.24,21.31,3400,0.0
2015-05-27,21.32,21.32,21.32,21.32,700,0.0
2015-05-28,21.58,21.58,21.58,21.58,100,0.0
2015-05-29,21.42,21.6,21.42,21.6,600,0.0
2015-06-01,21.48,21.53,21.48,21.52,1000,0.0
2015-06-02,21.45,21.56,21.45,21.56,2000,0.0
2015-06-03,21.62,21.68,21.62,21.68,400,0.0
2015-06-04,21.6,21.6,21.6,21.6,2600,0.0
2015-06-05,21.62,21.62,21.62,21.62,1500,0.0
2015-06-08,21.82,21.84,21.6,21.6,1000,0.0
2015-06-09,21.46,21.46,21.46,21.46,300,0.0
2015-06-10,21.54,21.85,21.54,21.85,300,0.0
2015-06-11,21.79,21.8,21.75,21.78,2600,0.0
2015-06-12,21.7,21.7,21.65,21.65,500,0.0
2015-06-15,21.6,21.6,21.37,21.37,400,0.0
2015-06-16,21.64,21.64,21.62,21.62,300,0.0
2015-06-17,21.86,21.86,21.83,21.83,500,0.0
2015-06-18,22.05,22.05,22.05,22.05,200,0.0
2015-06-19,22.01,22.01,22.0,22.0,4800,0.0
2015-06-22,22.05,22.05,22.05,22.05,200,0.0
2015-06-23,22.23,22.23,22.23,22.23,200,0.0
2015-06-24,21.94,21.94,21.94,21.94,200,0.0
2015-06-25,22.1,22.1,21.9,21.9,8000,0.0
2015-06-26,21.8,21.8,21.71,21.74,3300,0.0
2015-06-29,21.5,21.5,21.16,21.16,5100,0.0
2015-06-30,21.47,21.47,21.29,21.35,3300,0.0
2015-07-01,21.4,21.4,21.25,21.31,11200,0.0
2015-07-02,21.29,21.29,21.25,21.25,900,0.0
2015-07-06,21.2,21.2,21.1,21.1,1600,0.0
2015-07-07,21.0,21.0,20.74,20.98,1500,0.0
2015-07-08,20.78,20.78,20.78,20.78,100,0.0
2015-07-09,20.95,20.95,20.95,20.95,200,0.0
2015-07-10,21.13,21.17,21.1,21.17,6100,0.0
2015-07-13,21.31,21.44,21.31,21.44,3200,0.0
2015-07-14,21.57,21.57,21.57,21.57,300,0.0
2015-07-15,21.71,21.71,21.42,21.42,2200,0.0
2015-07-16,21.87,21.87,21.85,21.85,900,0.0
2015-07-17,21.94,21.94,21.92,21.92,400,0.0
2015-07-20,21.95,21.95,21.92,21.95,1500,0.0
2015-07-21,21.94,21.94,21.87,21.87,800,0.0
2015-07-22,21.79,21.79,21.62,21.65,2600,0.0
2015-07-23,21.85,21.85,21.8,21.8,300,0.0
2015-07-24,21.9,21.9,21.9,21.9,200,0.0
2015-07-27,21.57,21.65,21.57,21.65,300,0.0
2015-07-28,21.53,21.97,21.52,21.97,3500,0.0
2015-07-29,21.82,21.82,21.82,21.82,200,0.0
2015-07-30,21.69,21.69,21.65,21.65,2700,0.0
2015-07-31,21.63,21.64,21.5,21.5,3400,0.0
2015-08-03,21.11,21.11,21.11,21.11,200,0.0
2015-08-04,21.08,21.08,21.05,21.05,400,0.0
2015-08-05,21.26,21.26,21.1,21.1,2300,0.0
2015-08-06,20.75,20.8,20.7,20.8,1400,0.0
2015-08-07,20.78,20.78,20.78,20.78,200,0.0
2015-08-10,20.86,21.31,20.86,21.28,600,0.0
2015-08-11,20.92,21.0,20.92,21.0,500,0.0
2015-08-12,20.55,20.8,20.55,20.8,1600,0.0
2015-08-13,20.99,20.99,20.99,20.99,200,0.0
2015-08-14,20.96,20.96,20.96,20.96,200,0.0
2015-08-17,21.12,21.12,21.12,21.12,200,0.0
2015-08-18,20.98,20.98,20.98,20.98,200,0.0
2015-08-19,20.8,20.8,20.75,20.75,900,0.0
2015-08-20,20.03,20.03,19.89,19.89,1400,0.0
2015-08-21,19.58,19.7,19.53,19.53,3800,0.0
2015-08-24,17.75,18.96,17.51,18.96,10100,0.0
2015-08-25,19.3,19.38,19.3,19.38,300,0.0
2015-08-26,19.12,19.44,19.0,19.44,500,0.0
2015-08-27,19.76,20.15,19.76,20.04,2600,0.0
2015-08-28,20.2,20.35,20.2,20.24,2700,0.0
2015-08-31,20.07,20.13,20.04,20.1,4700,0.0
2015-09-01,19.5,19.5,19.37,19.37,500,0.0
2015-09-02,19.37,19.58,19.37,19.58,600,0.0
2015-09-03,19.81,19.81,19.81,19.81,100,0.0
2015-09-04,19.42,19.42,19.42,19.42,200,0.0
2015-09-08,20.02,20.02,20.02,20.02,100,0.0
2015-09-09,20.42,20.42,20.09,20.09,1800,0.0
2015-09-10,20.01,20.01,20.01,20.01,100,0.0
2015-09-11,20.11,20.11,20.11,20.11,200,0.0
2015-09-14,19.97,20.11,19.97,20.07,900,0.0
2015-09-15,20.33,20.33,20.33,20.33,1100,0.0
2015-09-16,20.57,20.57,20.57,20.57,200,0.0
2015-09-17,20.75,20.75,20.75,20.75,100,0.0
2015-09-18,20.5,20.56,20.43,20.43,10700,0.0
2015-09-21,20.3,20.3,20.3,20.3,2400,0.0
2015-09-22,19.88,19.88,19.88,19.88,200,0.0
2015-09-23,20.07,20.07,19.84,19.84,400,0.0
2015-09-24,19.82,19.82,19.61,19.61,400,0.0
2015-09-25,19.73,19.73,19.4,19.4,1500,0.0
2015-09-28,19.0,19.0,19.0,19.0,600,0.0
2015-09-29,18.69,18.69,18.69,18.69,100,0.0
2015-09-30,18.79,18.79,18.79,18.79,100,0.0
2015-10-01,18.53,18.53,18.53,18.53,1300,0.0
2015-10-02,18.74,19.08,18.74,19.08,600,0.0
2015-10-05,19.52,19.52,19.52,19.52,100,0.0
2015-10-06,19.23,19.23,19.23,19.23,100,0.0
2015-10-07,19.51,19.51,19.51,19.51,100,0.0
2015-10-08,19.39,19.39,19.39,19.39,200,0.0
2015-10-09,19.79,19.83,19.79,19.83,300,0.0
2015-10-12,19.67,19.67,19.67,19.67,100,0.0
2015-10-13,19.6,19.6,19.6,19.6,100,0.0
2015-10-14,19.5,19.5,19.5,19.5,100,0.0
2015-10-15,19.52,19.52,19.52,19.52,100,0.0
2015-10-16,19.79,19.9,19.79,19.81,500,0.0
2015-10-19,19.8,19.81,19.74,19.81,600,0.0
2015-10-20,19.5,19.5,19.5,19.5,100,0.0
2015-10-21,19.66,19.66,19.66,19.66,100,0.0
2015-10-22,19.37,19.45,19.32,19.45,1100,0.0
2015-10-23,19.81,19.81,19.81,19.81,100,0.0
2015-10-26,19.78,19.78,19.78,19.78,100,0.0
2015-10-27,19.64,19.64,19.61,19.61,200,0.0
2015-10-28,19.82,19.82,19.82,19.82,200,0.0
2015-10-29,19.82,19.98,19.72,19.72,6300,0.0
2015-10-30,19.96,20.02,19.9,19.9,700,0.0
2015-11-02,19.93,20.47,19.93,20.46,3500,0.0
2015-11-03,20.45,20.45,20.45,20.45,500,0.0
2015-11-04,20.5,20.97,20.5,20.84,2100,0.0
2015-11-05,20.66,20.66,20.66,20.66,100,0.0
2015-11-06,20.84,20.89,20.84,20.85,500,0.0
2015-11-09,20.59,20.68,20.58,20.68,500,0.0
2015-11-10,20.44,20.44,20.43,20.43,200,0.0
2015-11-11,20.33,20.39,20.31,20.39,700,0.0
2015-11-12,20.23,20.23,20.04,20.04,2100,0.0
2015-11-13,19.94,19.94,19.82,19.82,1000,0.0
2015-11-16,19.92,19.92,19.92,19.92,200,0.0
2015-11-17,20.11,20.11,19.95,19.95,200,0.0
2015-11-18,20.19,20.19,20.19,20.19,1000,0.0
2015-11-19,20.25,20.52,20.25,20.51,1300,0.0
2015-11-20,20.65,20.65,20.65,20.65,300,0.0
2015-11-23,20.68,20.68,20.68,20.68,100,0.0
2015-11-24,20.65,20.65,20.63,20.63,1000,0.0
2015-11-25,20.81,20.9,20.81,20.9,200,0.0
2015-11-27,21.27,21.27,21.27,21.27,200,0.0
2015-11-30,21.2,21.2,21.2,21.2,600,0.0
2015-12-01,21.27,21.31,21.25,21.31,600,0.0
2015-12-02,21.4,21.4,21.35,21.36,2300,0.0
2015-12-03,20.88,20.92,20.85,20.85,500,0.0
2015-12-04,21.06,21.06,21.06,21.06,400,0.0
2015-12-07,21.14,21.14,20.77,20.79,1400,0.0
2015-12-08,20.72,20.99,20.72,20.99,1000,0.0
2015-12-09,20.95,21.6,20.72,20.72,2000,0.0
2015-12-10,21.07,21.07,21.07,21.07,100,0.0
2015-12-11,21.06,21.06,20.92,20.92,400,0.0
2015-12-14,20.27,20.41,19.99,20.21,900,0.0
2015-12-15,20.75,20.75,20.49,20.55,1200,0.0
2015-12-16,20.8,20.8,20.78,20.78,1100,0.0
2015-12-17,20.84,21.11,20.84,20.99,600,0.0
2015-12-18,21.0,21.0,20.86,20.93,1500,0.0
2015-12-21,20.93,20.93,20.87,20.87,500,0.0
2015-12-22,20.96,20.96,20.96,20.96,100,0.0
2015-12-23,21.21,21.27,21.21,21.27,200,0.0
2015-12-24,20.88,20.88,20.88,20.88,100,0.465
2015-12-28,20.91,20.91,20.91,20.91,200,0.0
2015-12-29,20.78,20.78,20.78,20.78,300,0.0
2015-12-30,20.91,20.91,20.84,20.84,3000,0.0
2015-12-31,20.61,20.61,20.46,20.46,700,0.0
2016-01-04,19.98,20.02,19.86,20.01,1600,0.0
2016-01-05,20.24,20.24,20.17,20.17,300,0.0
2016-01-06,19.83,19.83,19.83,19.83,200,0.0
2016-01-07,19.48,19.48,19.0,19.05,900,0.0
2016-01-08,18.83,18.83,18.83,18.83,600,0.0
2016-01-11,18.33,18.33,18.17,18.17,2200,0.0
2016-01-12,18.33,18.67,18.29,18.43,1700,0.0
2016-01-13,18.43,18.63,17.8,17.87,2100,0.0
2016-01-14,17.75,18.03,17.58,18.03,1200,0.0
2016-01-15,17.34,17.46,17.0,17.32,3600,0.0
2016-01-19,17.45,17.5,17.45,17.5,800,0.0
2016-01-20,16.72,17.08,16.41,17.05,4200,0.0
2016-01-21,17.42,17.42,17.2,17.2,400,0.0
2016-01-22,17.59,17.59,17.53,17.53,400,0.0
2016-01-25,17.32,17.32,17.32,17.32,200,0.0
2016-01-26,17.05,17.05,17.05,17.05,100,0.0
2016-01-27,17.5,17.5,16.83,16.88,2700,0.0
2016-01-28,16.48,16.48,16.48,16.48,200,0.0
2016-01-29,16.69,16.74,16.67,16.74,1000,0.0
2016-02-01,16.88,16.88,16.88,16.88,100,0.0
2016-02-02,16.46,16.46,16.46,16.46,100,0.0
2016-02-03,16.31,16.37,16.31,16.37,300,0.0
2016-02-04,16.55,16.61,16.51,16.52,2300,0.0
2016-02-05,15.75,15.76,15.5,15.5,3000,0.0
2016-02-08,14.98,15.05,14.67,14.8,3200,0.0
2016-02-09,14.81,14.98,14.81,14.86,800,0.0
2016-02-10,15.06,15.06,15.06,15.06,100,0.0
2016-02-11,14.68,14.78,14.68,14.78,2200,0.0
2016-02-12,14.79,14.99,14.79,14.95,4200,0.0
2016-02-16,15.55,15.55,15.55,15.55,200,0.0
2016-02-17,16.0,16.13,16.0,16.13,500,0.0
2016-02-18,16.07,16.07,16.07,16.07,2300,0.0
2016-02-19,16.1,16.1,16.1,16.1,200,0.0
2016-02-22,16.48,16.48,16.47,16.47,2400,0.0
2016-02-23,16.3,16.3,16.3,16.3,200,0.0
2016-02-24,16.39,16.44,16.37,16.44,900,0.0
2016-02-25,16.53,16.53,16.53,16.53,200,0.0
2016-02-26,17.02,17.02,17.02,17.02,100,0.0
2016-02-29,17.1,17.1,17.1,17.1,100,0.0
2016-03-01,17.49,17.49,17.49,17.49,500,0.0
2016-03-02,17.73,17.73,17.73,17.73,100,0.0
2016-03-03,17.7,18.15,17.7,18.15,2300,0.0
2016-03-04,18.29,18.64,18.29,18.54,1300,0.0
2016-03-07,18.23,18.51,18.23,18.51,1400,0.0
2016-03-08,18.21,18.21,18.21,18.21,200,0.0
2016-03-09,18.04,18.04,17.98,17.98,1100,0.0
2016-03-10,18.34,18.34,17.81,17.81,400,0.0
2016-03-11,17.93,17.93,17.93,17.93,1000,0.0
2016-03-14,18.43,18.43,18.4,18.4,200,0.0
2016-03-15,18.0,18.0,17.84,17.84,400,0.0
2016-03-16,17.84,17.99,17.84,17.99,2200,0.0
2016-03-17,18.1,18.1,18.1,18.1,100,0.0
2016-03-18,18.48,18.54,18.48,18.51,3900,0.0
2016-03-21,18.68,18.68,18.68,18.68,100,0.0
2016-03-22,18.83,18.87,18.83,18.87,500,0.0
2016-03-23,18.87,18.87,18.87,18.87,0,0.0
2016-03-24,18.2,18.27,18.2,18.27,1400,0.0
2016-03-28,18.27,18.27,18.27,18.27,0,0.0
2016-03-29,18.83,18.83,18.83,18.83,300,0.0
2016-03-30,19.1,19.1,18.9,18.9,1400,0.0
2016-03-31,19.14,19.23,19.13,19.13,3000,0.0
2016-04-01,19.13,19.13,19.13,19.13,0,0.0
2016-04-04,19.53,19.53,19.53,19.53,1000,0.0
2016-04-05,19.4,19.4,19.4,19.4,600,0.0
2016-04-06,19.46,19.48,19.46,19.48,400,0.0
2016-04-07,19.75,19.75,19.5,19.5,1900,0.0
2016-04-08,19.39,19.39,19.39,19.39,200,0.0
2016-04-11,19.39,19.39,19.39,19.39,0,0.0
2016-04-12,19.49,19.49,19.49,19.49,3100,0.0
2016-04-13,19.81,19.81,19.81,19.81,100,0.0
2016-04-14,20.02,20.02,20.02,20.02,300,0.0
2016-04-15,19.77,19.77,19.77,19.77,3000,0.0
2016-04-18,19.83,19.84,19.82,19.82,5000,0.0
2016-04-19,19.63,19.63,19.39,19.39,1100,0.0
2016-04-20,19.27,19.57,19.27,19.57,700,0.0
2016-04-21,19.66,19.76,19.66,19.76,500,0.0
2016-04-22,19.73,19.73,19.71,19.71,1100,0.0
2016-04-25,19.73,19.73,19.59,19.62,700,0.0
2016-04-26,19.56,19.57,19.56,19.57,3300,0.0
2016-04-27,19.51,19.51,19.47,19.47,300,0.0
2016-04-28,19.59,19.59,19.59,19.59,200,0.0
2016-04-29,18.93,18.93,18.88,18.88,7200,0.0
2016-05-02,18.98,19.0,18.98,19.0,300,0.0
2016-05-03,18.72,18.72,18.72,18.72,200,0.0
2016-05-04,18.2,18.21,18.2,18.21,500,0.0
2016-05-05,18.16,18.16,18.16,18.16,100,0.0
2016-05-06,18.07,18.29,17.94,17.94,3000,0.0
2016-05-09,18.31,18.31,18.25,18.3,800,0.0
2016-05-10,18.44,18.44,18.44,18.44,100,0.0
2016-05-11,18.31,18.31,18.31,18.31,100,0.0
2016-05-12,18.29,18.29,17.95,17.95,1800,0.0
2016-05-13,18.12,18.12,18.11,18.11,700,0.0
2016-05-16,18.28,18.28,18.28,18.28,100,0.0
2016-05-17,18.15,18.15,18.15,18.15,100,0.0
2016-05-18,18.28,18.28,18.28,18.28,100,0.0
2016-05-19,18.0,18.0,17.93,17.97,700,0.0
2016-05-20,18.21,18.21,18.19,18.2,3000,0.0
2016-05-23,18.38,18.38,18.38,18.38,100,0.0
2016-05-24,18.94,18.94,18.92,18.92,200,0.0
2016-05-25,18.97,19.1,18.94,19.09,5000,0.0
2016-05-26,19.14,19.22,19.14,19.22,1100,0.0
2016-05-27,19.38,19.38,19.29,19.29,6100,0.0
2016-05-31,19.46,19.54,19.4,19.49,3100,0.0
2016-06-01,19.52,19.52,19.52,19.52,200,0.0
2016-06-02,19.65,19.76,19.65,19.74,2000,0.0
2016-06-03,19.59,19.62,19.52,19.57,3400,0.0
2016-06-06,19.71,19.92,19.71,19.92,2900,0.0
2016-06-07,19.99,20.01,19.85,19.93,7000,0.0
2016-06-08,19.89,19.92,19.89,19.92,300,0.0
2016-06-09,19.65,19.71,19.63,19.63,5300,0.0
2016-06-10,19.6,19.6,19.6,19.6,200,0.0
2016-06-13,19.59,19.59,19.3,19.31,7100,0.0
2016-06-14,19.43,19.43,19.14,19.24,6700,0.0
2016-06-15,19.42,19.42,19.4,19.4,300,0.0
2016-06-16,19.42,19.42,19.42,19.42,100,0.0
2016-06-17,19.5,19.57,19.5,19.57,1500,0.0
2016-06-20,19.68,19.91,19.67,19.67,9800,0.0
2016-06-21,19.49,19.61,19.49,19.58,2800,0.0
2016-06-22,19.44,19.44,19.44,19.44,100,0.0
2016-06-23,19.47,19.68,19.47,19.62,6800,0.0
2016-06-24,19.21,19.21,18.95,18.96,13700,0.0
2016-06-27,18.34,18.39,18.25,18.26,10400,0.0
2016-06-28,18.66,18.7,18.66,18.7,600,0.0
2016-06-29,19.16,19.16,19.16,19.16,100,0.0
2016-06-30,19.17,19.29,19.17,19.29,500,0.0
2016-07-01,19.45,19.45,19.45,19.45,100,0.0
2016-07-05,19.21,19.3,19.21,19.25,700,0.0
2016-07-06,19.42,19.42,19.19,19.19,1400,0.0
2016-07-07,19.62,19.62,19.62,19.62,100,0.0
2016-07-08,20.03,20.03,20.03,20.03,200,0.0
2016-07-11,20.18,20.2,20.11,20.11,2200,0.0
2016-07-12,20.4,20.46,20.4,20.46,700,0.0
2016-07-13,20.62,20.62,20.48,20.48,500,0.0
2016-07-14,20.28,20.28,20.28,20.28,100,0.0
2016-07-15,20.28,20.3,20.22,20.3,1000,0.0
2016-07-18,20.47,20.47,20.47,20.47,300,0.0
2016-07-19,20.09,20.09,20.09,20.09,100,0.0
2016-07-20,20.3,20.42,20.3,20.42,200,0.0
2016-07-21,20.34,20.38,20.34,20.38,600,0.0
2016-07-22,20.14,20.14,20.14,20.14,100,0.0
2016-07-25,20.1,20.12,20.1,20.12,800,0.0
2016-07-26,20.34,20.34,20.34,20.34,100,0.0
2016-07-27,20.44,20.52,20.44,20.52,500,0.0
2016-07-28,20.7,20.7,20.7,20.7,200,0.0
2016-07-29,20.59,20.59,20.59,20.59,500,0.0
2016-08-01,20.71,20.71,20.63,20.63,1200,0.0
2016-08-02,20.15,20.21,20.15,20.21,700,0.0
2016-08-03,20.43,20.43,20.43,20.43,100,0.0
2016-08-04,20.75,20.75,20.68,20.68,200,0.0
2016-08-05,20.83,20.83,20.83,20.83,100,0.0
2016-08-08,20.91,20.91,20.9,20.9,700,0.0
2016-08-09,20.9,20.9,20.9,20.9,100,0.0
2016-08-10,20.94,20.95,20.93,20.93,15300,0.0
2016-08-11,21.1,21.1,21.1,21.1,100,0.0
2016-08-12,21.18,21.18,21.18,21.18,400,0.0
2016-08-15,21.18,21.18,21.18,21.18,0,0.0
2016-08-16,21.42,21.42,21.3,21.33,2400,0.0
2016-08-17,21.16,21.16,21.16,21.16,100,0.0
2016-08-18,21.23,21.23,21.23,21.23,400,0.0
2016-08-19,21.08,21.08,21.08,21.08,100,0.0
2016-08-22,21.12,21.17,21.12,21.17,1200,0.0
2016-08-23,21.35,21.35,21.27,21.27,2300,0.0
2016-08-24,21.37,21.37,21.24,21.24,600,0.0
2016-08-25,20.97,20.97,20.92,20.92,800,0.0
2016-08-26,20.89,20.89,20.89,20.89,100,0.0
2016-08-29,21.06,21.06,21.04,21.04,400,0.0
2016-08-30,20.83,20.83,20.83,20.83,200,0.0
2016-08-31,20.87,20.87,20.61,20.61,200,0.0
2016-09-01,20.47,20.47,20.47,20.47,100,0.0
2016-09-02,20.63,20.69,20.62,20.69,1300,0.0
2016-09-06,21.17,21.17,21.17,21.17,200,0.0
2016-09-07,21.26,21.28,21.26,21.28,200,0.0
2016-09-08,21.27,21.28,21.27,21.28,2700,0.0
2016-09-09,20.97,20.98,20.97,20.98,1200,0.0
2016-09-12,20.98,20.98,20.98,20.98,0,0.0
2016-09-13,20.58,20.61,20.58,20.61,700,0.0
2016-09-14,20.72,20.72,20.72,20.72,200,0.0
2016-09-15,20.96,21.2,20.96,21.2,300,0.0
2016-09-16,21.2,21.2,21.2,21.2,0,0.0
2016-09-19,21.38,21.38,21.38,21.38,100,0.0
2016-09-20,21.45,21.45,21.45,21.45,1100,0.0
2016-09-21,21.36,21.36,21.25,21.25,2200,0.0
2016-09-22,21.75,21.85,21.75,21.85,1200,0.0
2016-09-23,21.91,21.91,21.86,21.86,300,0.0
2016-09-26,21.71,21.71,21.69,21.69,500,0.0
2016-09-27,22.0,22.1,22.0,22.1,1800,0.0
2016-09-28,22.09,22.16,22.02,22.16,19000,0.0
2016-09-29,22.08,22.1,21.93,21.96,3600,0.0
2016-09-30,22.01,22.18,22.01,22.18,800,0.0
2016-10-03,22.21,22.21,22.21,22.21,300,0.0
2016-10-04,22.32,22.32,22.08,22.08,5400,0.0
2016-10-05,22.33,22.41,22.32,22.39,7900,0.0
2016-10-06,22.24,22.24,21.82,21.82,600,0.0
2016-10-07,21.7,21.7,21.7,21.7,200,0.0
2016-10-10,21.9,21.9,21.9,21.9,100,0.0
2016-10-11,21.14,21.14,21.0,21.0,1200,0.0
2016-10-12,20.99,20.99,20.85,20.85,1900,0.0
2016-10-13,20.59,20.59,20.59,20.59,100,0.0
2016-10-14,20.54,20.54,20.38,20.38,1000,0.0
2016-10-17,20.4,20.42,20.13,20.24,179900,0.0
2016-10-18,20.54,20.57,20.54,20.57,900,0.0
2016-10-19,20.66,20.66,20.65,20.65,700,0.0
2016-10-20,20.67,20.67,20.57,20.57,400,0.0
2016-10-21,20.42,20.53,20.42,20.53,1000,0.0
2016-10-24,20.67,20.67,20.67,20.67,400,0.0
2016-10-25,20.81,20.81,20.39,20.43,4000,0.0
2016-10-26,20.33,20.33,20.33,20.33,100,0.0
2016-10-27,20.32,20.32,20.17,20.17,300,0.0
2016-10-28,20.09,20.12,19.98,19.98,1000,0.0
2016-10-31,19.98,20.01,19.89,19.92,1600,0.0
2016-11-01,20.06,20.06,19.7,19.72,2600,0.0
2016-11-02,19.56,19.56,19.32,19.32,1000,0.0
2016-11-03,19.23,19.23,19.2,19.2,2000,0.0
2016-11-04,19.19,19.25,19.19,19.25,1700,0.0
2016-11-07,19.49,19.82,19.49,19.82,1000,0.0
2016-11-08,19.81,20.07,19.81,19.99,500,0.0
2016-11-09,19.75,20.05,19.75,20.05,1900,0.0
2016-11-10,20.55,20.65,20.17,20.44,4600,0.0
2016-11-11,20.36,20.36,20.36,20.36,600,0.0
2016-11-14,20.68,20.68,20.66,20.68,1400,0.0
2016-11-15,20.59,20.59,20.59,20.59,500,0.0
2016-11-16,20.59,20.59,20.59,20.59,0,0.0
2016-11-17,20.5,20.74,20.5,20.72,3300,0.0
2016-11-18,20.6,20.65,20.6,20.65,10100,0.0
2016-11-21,20.82,20.88,20.82,20.88,6900,0.0
2016-11-22,21.07,21.07,20.93,20.93,1100,0.0
2016-11-23,20.83,20.83,20.83,20.83,200,0.0
2016-11-25,20.85,20.96,20.84,20.95,2000,0.0
2016-11-28,20.86,20.86,20.86,20.86,600,0.0
2016-11-29,20.64,20.64,20.36,20.36,3800,0.0
2016-11-30,20.3,20.35,20.11,20.11,2000,0.0
2016-12-01,19.64,19.64,19.64,19.64,200,0.0
2016-12-02,19.8,19.8,19.8,19.8,100,0.0
2016-12-05,20.16,20.21,20.16,20.2,4300,0.0
2016-12-06,20.09,20.21,20.08,20.17,4900,0.0
2016-12-07,20.03,20.08,19.94,20.08,1100,0.0
2016-12-08,20.22,20.33,20.22,20.33,1000,0.0
2016-12-09,20.43,20.43,20.4,20.4,7200,0.0
2016-12-12,20.43,20.43,20.4,20.4,1400,0.0
2016-12-13,20.56,20.56,20.53,20.55,3200,0.0
2016-12-14,20.45,20.45,20.41,20.41,1700,0.0
2016-12-15,20.75,20.78,20.75,20.78,600,0.0
2016-12-16,20.9,20.99,20.78,20.83,2800,0.0
2016-12-19,20.83,20.9,20.83,20.89,900,0.0
2016-12-20,20.81,20.83,20.81,20.83,1000,0.0
2016-12-21,20.66,20.66,20.5,20.5,800,0.0
2016-12-22,20.4,20.4,20.22,20.22,1700,0.0
2016-12-23,20.33,20.33,20.31,20.31,200,0.0
2016-12-27,20.36,20.72,20.34,20.72,700,0.0
2016-12-28,20.48,20.48,20.29,20.29,3400,0.0
2016-12-29,20.19,20.19,20.19,20.19,400,0.0
2016-12-30,20.06,20.07,20.04,20.05,1000,0.0
2017-01-03,20.46,20.46,20.43,20.44,600,0.0
2017-01-04,20.75,21.36,20.75,21.36,900,0.0
2017-01-05,21.1,21.15,21.05,21.15,37400,0.0
2017-01-06,21.37,21.41,21.32,21.36,4400,0.0
2017-01-09,21.5,21.68,21.5,21.65,25000,0.0
2017-01-10,21.87,21.95,21.83,21.95,6600,0.0
2017-01-11,21.9,21.95,21.65,21.78,16900,0.0
2017-01-12,21.55,21.83,21.46,21.83,1700,0.0
2017-01-13,22.01,22.08,21.98,22.06,2100,0.0
2017-01-17,21.74,21.8,21.72,21.72,6000,0.0
2017-01-18,21.87,21.87,21.69,21.8,8400,0.0
2017-01-19,21.95,21.97,21.76,21.83,4700,0.0
2017-01-20,22.04,22.04,21.81,21.85,13600,0.0
2017-01-23,21.95,21.99,21.76,21.9,6600,0.0
2017-01-24,21.88,22.06,21.86,22.06,4000,0.0
2017-01-25,22.22,22.3,22.21,22.25,4400,0.0
2017-01-26,22.33,22.34,22.1,22.11,5800,0.0
2017-01-27,22.15,22.18,22.08,22.17,4900,0.0
2017-01-30,22.27,22.27,21.83,22.0,2200,0.0
2017-01-31,22.05,22.13,22.05,22.09,2200,0.0
2017-02-01,22.41,22.41,22.21,22.27,2700,0.0
2017-02-02,22.24,22.45,22.2,22.41,4900,0.0
2017-02-03,22.29,22.38,22.28,22.38,8000,0.0
2017-02-06,22.4,22.4,22.33,22.39,5500,0.0
2017-02-07,22.47,22.56,22.28,22.28,1400,0.0
2017-02-08,22.45,22.49,22.45,22.49,400,0.0
2017-02-09,22.82,22.92,22.82,22.92,700,0.0
2017-02-10,22.99,23.02,22.94,22.97,4000,0.0
2017-02-13,23.11,23.13,23.0,23.05,7000,0.0
2017-02-14,23.13,23.22,23.11,23.22,11600,0.0
2017-02-15,23.15,23.17,23.08,23.17,9400,0.0
2017-02-16,23.09,23.09,22.93,22.98,2700,0.0
2017-02-17,22.97,23.15,22.97,23.14,2800,0.0
2017-02-21,23.27,23.34,23.2,23.2,2200,0.0
2017-02-22,23.22,23.36,23.17,23.17,2400,0.0
2017-02-23,23.31,23.43,22.88,22.97,5300,0.0
2017-02-24,22.7,22.86,22.7,22.86,5700,0.0
2017-02-27,22.93,23.27,22.86,23.27,2700,0.0
2017-02-28,23.4,23.4,23.05,23.12,9700,0.0
2017-03-01,23.3,23.51,23.3,23.5,2300,0.0
2017-03-02,23.45,23.45,23.25,23.25,2200,0.0
2017-03-03,23.25,23.25,23.14,23.2,3000,0.0
2017-03-06,23.19,23.27,23.04,23.27,2300,0.0
2017-03-07,23.15,23.28,23.15,23.25,1200,0.0
2017-03-08,23.31,23.32,23.2,23.24,4300,0.0
2017-03-09,23.22,23.22,23.0,23.0,1300,0.0
2017-03-10,23.19,23.21,23.17,23.21,800,0.0
2017-03-13,23.32,23.43,23.32,23.43,3500,0.0
2017-03-14,23.32,23.38,23.21,23.38,5100,0.0
2017-03-15,23.38,23.6,23.38,23.59,2200,0.0
2017-03-16,23.75,23.78,23.68,23.72,1700,0.0
2017-03-17,23.7,23.81,23.7,23.71,2200,0.0
2017-03-20,23.63,23.71,23.63,23.7,4200,0.0
2017-03-21,23.79,23.79,23.04,23.04,10600,0.0
2017-03-22,23.0,23.02,22.87,23.02,5200,0.0
2017-03-23,22.93,23.17,22.93,23.02,1800,0.0
2017-03-24,23.2,23.2,23.16,23.16,1000,0.0
2017-03-27,23.11,23.43,23.11,23.43,5400,0.0
2017-03-28,23.56,23.59,23.56,23.59,1200,0.0
2017-03-29,23.68,23.84,23.59,23.79,9600,0.0
2017-03-30,23.94,23.94,23.77,23.85,2600,0.0
2017-03-31,23.91,23.98,23.83,23.96,3500,0.0
2017-04-03,24.11,24.13,23.95,24.03,6500,0.0
2017-04-04,23.93,23.93,23.93,23.93,900,0.0
2017-04-05,23.96,24.02,23.66,23.66,5500,0.0
2017-04-06,23.81,23.83,23.63,23.77,6400,0.0
2017-04-07,23.76,23.95,23.76,23.94,6400,0.0
2017-04-10,24.22,24.23,24.09,24.09,4500,0.0
2017-04-11,24.03,24.05,23.81,24.03,8800,0.0
2017-04-12,24.07,24.07,23.82,23.82,2500,0.0
2017-04-13,23.85,23.88,23.75,23.85,5400,0.0
2017-04-17,23.87,24.01,23.76,23.99,6000,0.0
2017-04-18,24.14,24.16,24.08,24.16,12300,0.0
2017-04-19,24.39,24.4,24.26,24.3,15900,0.0
2017-04-20,24.43,24.58,24.37,24.55,11700,0.0
2017-04-21,24.59,24.59,24.32,24.34,5400,0.0
2017-04-24,25.0,25.0,24.53,24.68,10000,0.0
2017-04-25,24.91,25.06,24.84,25.02,17500,0.0
2017-04-26,25.11,25.38,25.05,25.33,14300,0.0
2017-04-27,25.44,25.64,25.44,25.58,33400,0.0
2017-04-28,25.65,25.65,25.1,25.17,13900,0.0
2017-05-01,25.48,25.71,25.35,25.71,36800,0.0
2017-05-02,25.75,25.75,25.57,25.68,21700,0.0
2017-05-03,25.64,25.64,25.45,25.59,8200,0.0
2017-05-04,25.74,25.74,25.4,25.5,13300,0.0
2017-05-05,25.62,25.76,25.5,25.76,13200,0.0
2017-05-08,25.9,25.9,25.61,25.69,18600,0.0
2017-05-09,25.87,26.27,25.87,26.27,34900,0.0
2017-05-10,26.34,26.55,26.32,26.52,21700,0.0
2017-05-11,26.5,26.67,26.3,26.57,36700,0.0
2017-05-12,26.57,26.79,26.4,26.71,30000,0.0
2017-05-15,26.88,27.0,26.64,26.95,48600,0.0
2017-05-16,26.99,27.08,26.76,27.08,27200,0.0
2017-05-17,26.98,26.98,26.08,26.12,48500,0.0
2017-05-18,26.21,26.92,26.21,26.88,37900,0.0
2017-05-19,27.04,27.21,26.9,26.93,54300,0.0
2017-05-22,27.13,27.36,27.1,27.35,88200,0.0
2017-05-23,27.53,27.53,27.19,27.44,36900,0.0
2017-05-24,27.55,28.26,27.55,28.26,99000,0.0
2017-05-25,28.72,29.08,28.13,28.61,117300,0.0
2017-05-26,28.67,28.67,28.05,28.25,105500,0.0
2017-05-30,28.33,28.33,28.03,28.14,80500,0.0
2017-05-31,28.29,28.37,27.84,28.35,127900,0.0
2017-06-01,28.48,28.97,28.48,28.96,105100,0.0
2017-06-02,29.21,29.21,28.8,29.16,68300,0.0
2017-06-05,29.36,29.36,29.1,29.21,52100,0.0
2017-06-06,29.14,29.53,29.06,29.41,127000,0.0
2017-06-07,29.58,29.58,29.29,29.45,40700,0.0
2017-06-08,29.59,29.8,29.43,29.75,63700,0.0
2017-06-09,29.92,29.94,28.38,28.83,126700,0.0
2017-06-12,28.57,28.57,27.89,28.27,74400,0.0
2017-06-13,28.37,28.76,28.37,28.71,59200,0.0
2017-06-14,28.99,28.99,28.21,28.46,46500,0.0
2017-06-15,28.04,28.39,27.7,28.36,51800,0.0
2017-06-16,28.3,28.65,28.3,28.53,23600,0.0
2017-06-19,28.83,29.34,28.83,29.32,56000,0.0
2017-06-20,29.44,29.66,29.28,29.35,85600,0.0
2017-06-21,29.41,29.78,29.41,29.77,66000,0.0
2017-06-22,29.8,30.29,29.8,30.05,163900,0.0
2017-06-23,30.05,30.32,29.87,30.3,92800,0.0
2017-06-26,30.57,31.0,29.64,29.85,108500,0.0
2017-06-27,29.81,29.84,29.16,29.21,94700,0.0
2017-06-28,29.34,29.81,29.22,29.79,89300,0.0
2017-06-29,29.75,29.75,28.84,29.23,68800,0.0
2017-06-30,29.26,29.26,28.91,28.95,123100,0.0
2017-07-03,29.16,29.18,28.72,28.8,32700,0.0
2017-07-05,28.84,29.05,28.68,28.99,46300,0.0
2017-07-06,28.8,28.8,28.35,28.4,52600,0.0
2017-07-07,28.5,28.75,28.47,28.58,105100,0.0
2017-07-10,28.71,28.96,28.34,28.54,57500,0.0
2017-07-11,28.6,28.9,28.57,28.9,34100,0.0
2017-07-12,29.16,29.42,29.11,29.39,49900,0.0
2017-07-13,29.44,29.5,29.06,29.26,58300,0.0
2017-07-14,29.47,29.47,29.21,29.32,30500,0.0
2017-07-17,29.38,29.38,29.02,29.11,44700,0.0
2017-07-18,29.05,29.43,29.05,29.43,46800,0.0
2017-07-19,29.49,29.67,29.41,29.47,189800,0.0
2017-07-20,29.45,29.76,29.45,29.73,47300,0.0
2017-07-21,29.71,30.02,29.71,29.95,77100,0.0
2017-07-24,29.86,30.38,29.86,30.38,83900,0.0
2017-07-25,30.5,30.51,30.12,30.3,98000,0.0
2017-07-26,30.46,30.46,30.18,30.29,105800,0.0
2017-07-27,30.42,30.42,29.44,29.83,86500,0.0
2017-07-28,29.58,30.08,29.58,29.97,40800,0.0
2017-07-31,30.16,30.16,29.54,29.62,31100,0.0
2017-08-01,29.83,29.83,29.51,29.7,28600,0.0
2017-08-02,29.7,29.88,29.28,29.81,27100,0.0
2017-08-03,29.99,30.12,29.8,30.03,32000,0.0
2017-08-04,30.18,30.43,30.18,30.4,68600,0.0
2017-08-07,30.4,30.98,30.4,30.97,96300,0.0
2017-08-08,31.0,31.23,30.79,30.92,80600,0.0
2017-08-09,30.65,30.73,30.44,30.64,90100,0.0
2017-08-10,30.64,30.7,30.09,30.09,45300,0.0
2017-08-11,30.05,30.77,30.0,30.75,52000,0.0
2017-08-14,31.26,31.91,31.26,31.75,278000,0.0
2017-08-15,32.06,32.08,31.07,31.28,72800,0.0
2017-08-16,31.27,31.8,31.27,31.53,56200,0.0
2017-08-17,31.5,31.72,30.95,30.97,66300,0.0
2017-08-18,31.07,31.07,30.69,30.75,34600,0.0
2017-08-21,30.94,30.94,30.47,30.75,66800,0.0
2017-08-22,30.87,31.34,30.87,31.32,58200,0.0
2017-08-23,31.3,31.55,31.15,31.49,74200,0.0
2017-08-24,31.67,31.81,31.45,31.74,68300,0.0
2017-08-25,32.09,32.09,31.64,31.66,46700,0.0
2017-08-28,32.16,32.33,32.0,32.31,72700,0.0
2017-08-29,32.09,32.91,32.05,32.8,147400,0.0
2017-08-30,32.96,33.49,32.88,33.42,141200,0.0
2017-08-31,33.9,34.32,33.88,34.14,248400,0.0
2017-09-01,34.37,34.37,33.34,33.64,216400,0.0
2017-09-05,33.51,33.56,32.95,33.43,113500,0.0
2017-09-06,33.63,33.73,33.29,33.64,85200,0.0
2017-09-07,33.88,34.01,33.65,33.75,79200,0.0
2017-09-08,33.8,33.8,33.16,33.27,64000,0.0
2017-09-11,33.39,33.79,33.3,33.72,110800,0.0
2017-09-12,33.95,34.05,33.61,33.87,109200,0.0
2017-09-13,33.82,33.86,33.51,33.72,121300,0.0
2017-09-14,33.58,33.8,33.3,33.55,70200,0.0
2017-09-15,33.54,34.02,33.45,33.95,126200,0.0
2017-09-18,34.14,34.56,34.14,34.36,220600,0.0
2017-09-19,34.48,34.48,34.07,34.21,113500,0.0
2017-09-20,34.31,34.35,34.01,34.3,106700,0.0
2017-09-21,34.25,34.3,33.9,33.97,80600,0.0
2017-09-22,33.98,34.03,33.85,33.9,89300,0.0
2017-09-25,33.96,34.08,33.35,33.38,95000,0.0
2017-09-26,33.59,33.82,33.24,33.25,49900,0.0
2017-09-27,33.49,33.95,33.44,33.83,106700,0.0
2017-09-28,33.86,34.28,33.75,34.12,117200,0.0
2017-09-29,34.14,34.34,34.1,34.29,100900,0.0
2017-10-02,34.44,34.53,34.22,34.47,100500,0.0
2017-10-03,34.6,34.9,34.3,34.8,112100,0.0
2017-10-04,34.91,35.0,34.64,34.66,98300,0.0
2017-10-05,34.94,35.13,34.68,35.12,113000,0.0
2017-10-06,35.12,35.19,34.89,35.02,114000,0.0
2017-10-09,35.29,35.29,34.9,34.95,80000,0.0
2017-10-10,35.24,35.24,34.54,34.79,103900,0.0
2017-10-11,34.86,34.9,34.69,34.81,93100,0.0
2017-10-12,34.91,35.05,34.79,34.92,167100,0.0
2017-10-13,35.14,35.14,34.65,34.78,82700,0.0
2017-10-16,34.88,35.0,34.59,34.69,79800,0.0
2017-10-17,34.67,34.84,34.56,34.73,97400,0.0
2017-10-18,34.85,34.85,34.5,34.69,85200,0.0
2017-10-19,34.54,34.54,34.13,34.36,95400,0.0
2017-10-20,34.64,34.99,34.62,34.84,76100,0.0
2017-10-23,35.02,35.08,34.44,34.52,156300,0.0
2017-10-24,34.63,34.63,34.27,34.36,98900,0.0
2017-10-25,34.37,34.38,33.57,33.73,157200,0.0
2017-10-26,34.15,34.3,33.91,34.21,124800,0.0
2017-10-27,34.34,34.85,34.34,34.85,152200,0.0
2017-10-30,34.92,35.24,34.79,35.04,251600,0.0
2017-10-31,35.05,35.64,35.05,35.51,234800,0.0
2017-11-01,35.76,35.82,34.93,34.96,147200,0.0
2017-11-02,34.9,34.96,34.61,34.83,120500,0.0
2017-11-03,34.9,35.42,34.83,35.3,194200,0.0
2017-11-06,35.37,35.38,35.02,35.24,160900,0.0
2017-11-07,35.3,35.3,34.83,34.89,145300,0.0
2017-11-08,34.82,34.98,34.61,34.93,122000,0.0
2017-11-09,34.64,34.79,34.2,34.66,160800,0.0
2017-11-10,34.56,34.8,34.29,34.7,98400,0.0
2017-11-13,34.66,34.97,34.48,34.85,97600,0.0
2017-11-14,34.72,35.14,34.26,34.51,161000,0.0
2017-11-15,34.35,34.64,33.98,34.6,196300,0.0
2017-11-16,34.96,35.46,34.86,35.3,124900,0.0
2017-11-17,35.47,35.64,35.32,35.48,174700,0.0
2017-11-20,35.71,35.85,35.6,35.84,213500,0.0
2017-11-21,36.13,36.52,36.08,36.44,193500,0.0
2017-11-22,36.57,36.78,36.44,36.76,277400,0.0
2017-11-24,36.93,37.03,36.8,36.94,229100,0.0
2017-11-27,37.14,37.41,37.01,37.26,301400,0.0
2017-11-28,37.45,37.75,37.34,37.67,433800,0.0
2017-11-29,37.94,38.2,36.51,36.98,354600,0.0
2017-11-30,37.08,37.38,36.69,37.2,249800,0.0
2017-12-01,37.25,37.65,36.5,37.4,267200,0.0
2017-12-04,38.04,38.09,36.62,36.74,305400,0.0
2017-12-05,36.75,37.24,36.34,36.35,163100,0.0
2017-12-06,36.22,36.6,36.06,36.52,230800,0.0
2017-12-07,36.77,37.2,36.65,37.06,463900,0.0
2017-12-08,37.27,37.35,36.71,36.74,284400,0.0
2017-12-11,37.03,37.26,36.88,36.99,321900,0.0
2017-12-12,37.22,37.78,37.05,37.54,458000,0.0
2017-12-13,37.69,37.89,37.13,37.6,380100,0.0
2017-12-14,37.82,37.99,37.47,37.57,233800,0.0
2017-12-15,37.99,38.53,37.72,38.45,392700,0.0
2017-12-18,39.15,39.96,39.08,39.94,924600,0.0
2017-12-19,39.79,39.82,38.68,39.09,614200,0.0
2017-12-20,39.29,39.29,38.0,38.33,449000,0.0
2017-12-21,38.4,38.4,37.65,37.75,370800,0.0
2017-12-22,37.38,37.75,36.64,37.75,340100,0.0
2017-12-26,37.9,38.33,37.88,38.26,190300,0.0
2017-12-27,37.94,37.97,37.26,37.55,222500,0.488
2017-12-28,37.37,37.52,37.27,37.44,219400,0.0
2017-12-29,37.55,37.64,37.07,37.08,217200,0.0
2018-01-02,37.34,38.59,37.25,38.58,420000,0.0
2018-01-03,38.95,39.05,38.73,38.74,667300,0.0
2018-01-04,39.1,39.19,38.48,38.87,358600,0.0
2018-01-05,39.26,39.5,39.07,39.5,361200,0.0
2018-01-08,39.01,39.23,38.32,39.23,421100,0.0
2018-01-09,39.25,39.45,39.01,39.31,246800,0.0
2018-01-10,39.11,39.41,38.65,39.41,214500,0.0
2018-01-11,39.5,39.72,39.33,39.51,295400,0.0
2018-01-12,39.84,39.99,39.6,39.71,347500,0.0
2018-01-16,40.0,40.11,38.56,38.82,452700,0.0
2018-01-17,39.64,39.8,39.33,39.73,260200,0.0
2018-01-18,39.8,39.96,39.45,39.87,257200,0.0
2018-01-19,40.05,40.05,39.7,39.94,293500,0.0
2018-01-22,40.3,41.05,40.25,41.05,819100,0.0
2018-01-23,41.31,41.6,41.05,41.57,628200,0.0
2018-01-24,41.94,42.0,40.93,41.32,655600,0.0
2018-01-25,41.66,41.66,41.02,41.29,311800,0.0
2018-01-26,41.4,42.07,41.3,42.05,440100,0.0
2018-01-29,42.05,42.55,41.81,42.33,409900,0.0
2018-01-30,41.9,42.05,41.25,41.6,399500,0.0
2018-01-31,41.9,41.93,40.93,41.24,466900,0.0
2018-02-01,40.69,41.24,40.2,40.75,331200,0.0
2018-02-02,40.64,40.8,39.68,39.8,534800,0.0
2018-02-05,39.09,39.93,38.1,38.39,959900,0.0
2018-02-06,37.49,39.37,36.36,39.29,821300,0.0
2018-02-07,39.38,40.29,39.25,39.84,405300,0.0
2018-02-08,40.59,40.6,38.1,38.1,392300,0.0
2018-02-09,38.45,38.66,36.55,38.37,607800,0.0
2018-02-12,39.16,39.22,38.01,38.82,506300,0.0
2018-02-13,38.6,39.33,38.53,39.27,258700,0.0
2018-02-14,39.06,40.39,39.04,40.28,455000,0.0
2018-02-15,40.85,41.13,40.3,41.09,486400,0.0
2018-02-16,41.1,41.45,40.91,41.06,287400,0.0
2018-02-20,40.75,41.46,40.5,41.02,337000,0.0
2018-02-21,41.29,42.05,41.03,41.07,348400,0.0
2018-02-22,41.42,41.46,40.85,40.99,599700,0.0
2018-02-23,41.41,41.56,40.89,41.51,282500,0.0
2018-02-26,41.83,42.46,41.68,42.36,439700,0.0
2018-02-27,42.4,42.54,41.67,41.69,257500,0.0
2018-02-28,41.77,41.86,40.91,40.91,303700,0.0
2018-03-01,41.0,41.25,40.19,40.77,389000,0.0
2018-03-02,39.95,41.8,39.91,41.71,358200,0.0
2018-03-05,41.61,42.72,41.45,42.56,421000,0.0
2018-03-06,42.95,43.05,42.52,42.96,537300,0.0
2018-03-07,42.61,43.66,42.61,43.61,492500,0.0
2018-03-08,43.92,44.09,43.61,44.0,526400,0.0
2018-03-09,44.53,44.95,44.2,44.89,666000,0.0
2018-03-12,45.19,45.29,44.8,44.98,645700,0.0
2018-03-13,45.23,45.35,44.22,44.44,524000,0.0
2018-03-14,44.69,44.8,43.8,44.13,366000,0.0
2018-03-15,44.32,44.49,43.45,43.63,295300,0.0
2018-03-16,43.7,43.78,43.4,43.42,266600,0.0
2018-03-19,43.0,43.28,42.11,42.6,475200,0.0
2018-03-20,42.94,42.95,42.46,42.68,209500,0.0
2018-03-21,42.75,43.06,42.47,42.67,252400,0.0
2018-03-22,42.02,42.49,41.46,41.46,319700,0.0
2018-03-23,41.4,41.51,40.57,40.65,420100,0.0
2018-03-26,41.41,41.72,40.38,41.51,312000,0.0
2018-03-27,41.86,41.9,39.2,39.39,615400,0.0
2018-03-28,39.08,39.26,37.93,38.39,654300,0.0
2018-03-29,38.69,39.39,38.14,39.07,352200,0.0
2018-04-02,38.73,38.99,37.4,37.81,593600,0.0
2018-04-03,38.41,38.58,37.62,38.35,332100,0.0
2018-04-04,37.31,39.34,37.2,39.27,261700,0.0
2018-04-05,39.98,39.98,39.04,39.53,323900,0.0
2018-04-06,39.16,39.59,38.16,38.44,235300,0.0
2018-04-09,38.91,39.58,38.68,38.68,187300,0.0
2018-04-10,39.42,40.13,39.22,39.92,349900,0.0
2018-04-11,39.79,40.71,39.6,40.09,192000,0.0
2018-04-12,40.56,40.79,40.3,40.52,257200,0.0
2018-04-13,40.87,40.97,39.92,40.24,232900,0.0
2018-04-16,40.54,40.55,40.02,40.22,188200,0.0
2018-04-17,40.62,41.47,40.48,41.38,252300,0.0
2018-04-18,41.6,41.86,41.38,41.66,313900,0.0
2018-04-19,41.6,41.72,41.0,41.23,252400,0.0
2018-04-20,41.14,41.25,40.67,40.87,183500,0.0
2018-04-23,41.1,41.12,39.79,40.2,241400,0.0
2018-04-24,40.3,40.72,39.16,39.63,285900,0.0
2018-04-25,39.55,39.69,38.44,38.86,304100,0.0
2018-04-26,39.3,39.59,38.84,39.54,170800,0.0
2018-04-27,39.89,40.0,38.93,39.38,126100,0.0
2018-04-30,39.31,39.88,38.96,39.09,198700,0.0
2018-05-01,39.03,39.63,38.95,39.57,120800,0.0
2018-05-02,39.49,39.96,39.14,39.55,162900,0.0
2018-05-03,39.27,39.45,38.57,39.29,216300,0.0
2018-05-04,38.96,40.11,38.92,39.91,117200,0.0
2018-05-07,40.19,41.12,40.19,40.95,246200,0.0
2018-05-08,40.84,41.29,40.7,41.29,220700,0.0
2018-05-09,41.43,42.38,41.36,42.34,277900,0.0
2018-05-10,42.59,43.03,42.5,42.67,282900,0.0
2018-05-11,42.63,42.9,42.43,42.88,214900,0.0
2018-05-14,42.99,43.6,42.79,42.95,262600,0.0
2018-05-15,42.65,42.81,42.32,42.73,264800,0.0
2018-05-16,42.67,43.26,42.56,43.07,205400,0.0
2018-05-17,42.97,43.46,42.8,43.13,276500,0.0
2018-05-18,43.07,43.14,42.57,42.62,225200,0.0
2018-05-21,43.0,43.18,42.48,42.74,298200,0.0
2018-05-22,43.0,43.09,42.7,42.87,242100,0.0
2018-05-23,42.65,43.34,42.5,43.34,407900,0.0
2018-05-24,43.28,43.5,42.99,43.25,275400,0.0
2018-05-25,43.25,43.41,43.09,43.19,184000,0.0
2018-05-29,43.0,43.31,42.59,43.07,197700,0.0
2018-05-30,43.19,43.75,43.19,43.67,387600,0.0
2018-05-31,43.53,43.94,43.12,43.48,249600,0.0
2018-06-01,43.84,44.06,43.57,43.77,304800,0.0
2018-06-04,44.02,44.55,43.72,44.51,473500,0.0
2018-06-05,44.68,45.15,44.65,45.09,274700,0.0
2018-06-06,45.26,45.92,45.26,45.87,492700,0.0
2018-06-07,46.02,46.18,45.09,45.43,444800,0.0
2018-06-08,45.19,45.77,45.11,45.7,247800,0.0
2018-06-11,45.84,46.31,45.52,45.78,374400,0.0
2018-06-12,46.05,46.62,46.05,46.17,434600,0.0
2018-06-13,46.32,46.8,46.17,46.4,436500,0.0
2018-06-14,46.71,47.28,46.58,47.27,510600,0.0
2018-06-15,47.05,47.33,46.75,47.28,321600,0.0
2018-06-18,46.91,47.85,46.85,47.85,438700,0.0
2018-06-19,47.23,47.48,46.3,47.42,749600,0.0
2018-06-20,47.83,48.42,47.81,48.37,590400,0.0
2018-06-21,48.37,48.57,47.06,47.22,697400,0.0
2018-06-22,47.45,47.45,46.47,46.61,431000,0.0
2018-06-25,46.22,46.38,45.0,45.29,676700,0.0
2018-06-26,45.51,45.95,45.05,45.77,519600,0.0
2018-06-27,46.02,46.18,44.45,44.45,560700,0.0
2018-06-28,44.45,45.05,44.05,44.97,255100,0.0
2018-06-29,45.3,45.4,44.97,44.98,317200,0.0
2018-07-02,44.78,45.6,44.57,45.6,279200,0.0
2018-07-03,45.84,45.9,45.14,45.15,140000,0.0
2018-07-05,45.53,45.78,45.0,45.77,235000,0.0
2018-07-06,45.85,46.79,45.69,46.7,302300,0.0
2018-07-09,47.25,47.3,46.54,47.17,565800,0.0
2018-07-10,47.35,47.36,46.7,46.96,371500,0.0
2018-07-11,46.43,47.0,46.05,46.92,213100,0.0
2018-07-12,47.27,47.76,47.12,47.75,321500,0.0
2018-07-13,47.83,47.95,47.26,47.74,327100,0.0
2018-07-16,47.75,47.75,46.81,46.94,293200,0.0
2018-07-17,46.63,47.6,46.33,47.45,247500,0.0
2018-07-18,47.51,47.51,46.79,47.31,231400,0.0
2018-07-19,47.18,47.64,46.92,47.53,350900,0.0
2018-07-20,47.56,47.69,47.27,47.27,196300,0.0
2018-07-23,47.15,47.37,46.61,47.11,211000,0.0
2018-07-24,47.51,47.62,45.57,45.88,501900,0.0
2018-07-25,45.85,46.86,45.85,46.86,345700,0.0
2018-07-26,46.54,46.89,46.13,46.5,257900,0.0
2018-07-27,46.49,46.49,44.36,44.72,504900,0.0
2018-07-30,44.73,44.73,43.51,43.6,507300,0.0
2018-07-31,43.93,44.78,43.58,44.55,212400,0.0
2018-08-01,44.65,45.14,44.35,44.73,276200,0.0
2018-08-02,44.77,45.94,44.63,45.87,500700,0.0
2018-08-03,46.07,46.13,45.45,45.47,250500,0.0
2018-08-06,45.57,46.02,45.41,45.94,320900,0.0
2018-08-07,46.1,46.69,45.9,46.6,774600,0.0
2018-08-08,46.87,46.91,46.52,46.65,333200,0.0
2018-08-09,46.65,47.35,46.46,46.82,200900,0.0
2018-08-10,46.36,47.01,45.61,46.93,249300,0.0
2018-08-13,47.04,47.1,46.44,46.61,212100,0.0
2018-08-14,46.85,47.03,46.5,46.88,253300,0.0
2018-08-15,46.29,46.55,45.48,45.92,354400,0.0
2018-08-16,46.12,46.73,46.11,46.4,220200,0.0
2018-08-17,46.25,46.25,45.38,45.83,291400,0.0
2018-08-20,45.75,46.4,45.45,46.38,167500,0.0
2018-08-21,46.43,47.5,46.43,47.37,358700,0.0
2018-08-22,47.16,47.63,47.14,47.41,231800,0.0
2018-08-23,47.57,47.87,47.14,47.34,242200,0.0
2018-08-24,47.56,48.13,47.56,48.06,336400,0.0
2018-08-27,48.39,48.88,48.13,48.88,367500,0.0
2018-08-28,49.0,49.13,48.65,48.99,233600,0.0
2018-08-29,49.13,49.77,48.83,49.63,435800,0.0
2018-08-30,49.46,49.83,49.17,49.6,235900,0.0
2018-08-31,49.48,49.87,49.47,49.7,322800,0.0
2018-09-04,49.43,49.5,48.7,49.17,317600,0.0
2018-09-05,49.01,49.01,47.55,47.99,474200,0.0
2018-09-06,48.17,48.25,46.88,47.04,443100,0.0
2018-09-07,46.6,47.35,46.18,46.73,410400,0.0
2018-09-10,47.0,47.01,46.4,46.86,227800,0.0
2018-09-11,46.57,47.48,46.4,47.43,200600,0.0
2018-09-12,47.41,47.66,46.71,47.58,230100,0.0
2018-09-13,47.99,48.43,47.69,47.94,271000,0.0
2018-09-14,48.05,48.6,47.83,48.24,258900,0.0
2018-09-17,48.09,48.34,47.25,47.28,327500,0.0
2018-09-18,47.35,48.31,47.35,48.14,297400,0.0
2018-09-19,48.12,48.3,47.74,48.11,214100,0.0
2018-09-20,48.3,48.65,47.93,48.33,224600,0.0
2018-09-21,48.7,48.7,47.13,47.16,305300,0.0
2018-09-24,46.75,47.36,46.57,47.33,204700,0.0
2018-09-25,47.47,47.87,47.37,47.77,196200,0.0
2018-09-26,47.96,48.3,47.74,47.81,191000,0.0
2018-09-27,48.12,48.33,47.97,48.21,216200,0.0
2018-09-28,47.43,47.79,47.22,47.34,278300,0.0
2018-10-01,48.35,48.48,47.25,47.41,252600,0.0
2018-10-02,47.45,47.47,45.95,46.19,762900,0.0
2018-10-03,46.53,46.6,45.96,46.28,295900,0.0
2018-10-04,46.26,46.26,44.45,44.83,399700,0.0
2018-10-05,44.69,45.06,43.17,43.98,459800,0.0
2018-10-08,43.76,44.08,42.55,43.16,534200,0.0
2018-10-09,43.1,43.82,43.04,43.36,640800,0.0
2018-10-10,43.06,43.25,41.06,41.1,775300,0.0
2018-10-11,41.06,41.75,40.33,40.7,1026800,0.0
2018-10-12,42.14,42.27,41.11,42.02,391300,0.0
2018-10-15,41.78,42.02,41.05,41.64,194000,0.0
2018-10-16,42.15,43.74,41.95,43.63,372400,0.0
2018-10-17,43.89,44.0,42.7,43.37,296500,0.0
2018-10-18,43.13,43.14,41.8,42.1,254600,0.0
2018-10-19,42.31,42.82,41.22,41.32,251400,0.0
2018-10-22,41.62,41.84,40.83,41.44,216000,0.0
2018-10-23,40.48,42.11,40.19,41.76,406900,0.0
2018-10-24,41.89,42.0,39.39,39.39,304400,0.0
2018-10-25,40.53,41.67,40.35,41.23,484500,0.0
2018-10-26,39.98,41.76,39.86,40.9,327700,0.0
2018-10-29,41.97,42.19,39.75,40.49,254500,0.0
2018-10-30,40.19,41.63,40.09,41.52,507400,0.0
2018-10-31,42.28,43.15,42.28,42.58,327600,0.0
2018-11-01,43.18,44.8,43.13,44.72,450700,0.0
2018-11-02,45.39,45.92,44.9,45.48,528500,0.0
2018-11-05,45.52,45.52,44.12,44.82,246900,0.0
2018-11-06,44.82,45.21,44.5,44.83,310500,0.0
2018-11-07,45.34,46.06,45.0,45.96,472400,0.0
2018-11-08,45.89,46.22,44.93,45.24,322200,0.0
2018-11-09,44.68,44.91,43.91,44.38,373800,0.0
2018-11-12,44.13,44.18,42.32,42.76,365200,0.0
2018-11-13,43.02,43.87,42.67,43.11,181400,0.0
2018-11-14,43.63,43.99,42.39,42.59,180800,0.0
2018-11-15,42.37,43.91,42.29,43.84,278500,0.0
2018-11-16,43.16,43.83,42.9,43.67,123700,0.0
2018-11-19,43.47,43.5,41.45,41.58,380700,0.0
2018-11-20,40.17,41.52,39.89,40.82,506300,0.0
2018-11-21,41.45,41.9,41.21,41.74,135700,0.0
2018-11-23,41.25,42.2,41.25,41.71,42400,0.0
2018-11-26,42.35,43.07,42.28,42.95,269900,0.0
2018-11-27,42.69,42.94,42.33,42.53,143900,0.0
2018-11-28,43.07,44.19,42.48,44.18,308400,0.0
2018-11-29,43.99,44.48,43.39,44.05,157400,0.0
2018-11-30,44.06,44.47,43.62,44.45,118300,0.0
2018-12-03,46.0,46.0,45.04,45.53,381100,0.0
2018-12-04,45.3,45.54,43.21,43.27,263000,0.0
2018-12-06,42.13,43.59,42.03,43.54,406700,0.0
2018-12-07,43.59,43.85,41.92,42.1,188800,0.0
2018-12-10,41.95,42.7,41.46,42.54,230400,0.0
2018-12-11,43.3,43.3,42.09,42.46,309600,0.0
2018-12-12,43.12,44.05,42.97,43.31,471300,0.0
2018-12-13,43.59,43.59,42.46,42.64,275800,0.0
2018-12-14,41.98,42.66,41.55,41.77,222000,0.0
2018-12-17,41.45,41.65,39.68,39.92,503400,0.0
2018-12-18,40.34,40.65,39.5,39.89,299500,0.0
2018-12-19,40.0,40.75,38.72,39.28,399000,0.0
2018-12-20,38.92,39.3,37.17,37.82,842200,0.0
2018-12-21,38.02,38.02,35.67,35.85,737600,0.0
2018-12-24,35.43,36.08,34.9,35.34,425800,0.0
2018-12-26,35.62,37.59,35.3,37.52,959700,0.0
2018-12-27,36.09,36.4,34.75,36.4,525200,1.168
2018-12-28,36.63,37.4,36.04,36.77,939300,0.0
2018-12-31,37.0,37.31,36.64,37.19,645300,0.0
2019-01-02,36.27,37.57,36.23,37.42,232200,0.0
2019-01-03,37.0,37.14,35.91,36.19,256100,0.0
2019-01-04,36.9,38.56,36.86,38.43,317400,0.0
2019-01-07,38.67,40.33,38.39,40.1,524500,0.0
2019-01-08,40.71,40.83,39.31,40.22,461700,0.0
2019-01-09,40.4,41.75,40.31,41.48,797800,0.0
2019-01-10,41.2,41.7,40.5,41.69,335100,0.0
2019-01-11,41.28,41.89,41.16,41.78,312500,0.0
2019-01-14,41.2,41.49,40.9,41.03,257100,0.0
2019-01-15,41.42,42.32,41.42,42.28,591500,0.0
2019-01-16,42.33,43.01,42.23,42.31,344600,0.0
2019-01-17,42.21,43.02,42.07,42.64,301500,0.0
2019-01-18,42.85,43.14,42.4,42.8,490700,0.0
2019-01-22,42.12,42.12,40.89,41.11,417000,0.0
2019-01-23,41.3,41.52,40.33,40.7,288700,0.0
2019-01-24,40.77,41.59,40.77,41.58,287200,0.0
2019-01-25,41.96,42.64,41.71,42.57,242300,0.0
2019-01-28,41.76,41.89,41.16,41.68,282700,0.0
2019-01-29,41.76,41.85,41.13,41.25,231000,0.0
2019-01-30,41.75,42.46,41.27,42.27,327400,0.0
2019-01-31,42.25,43.24,42.1,43.05,401100,0.0
2019-02-01,43.01,43.51,42.73,43.11,247800,0.0
2019-02-04,43.05,43.8,42.86,43.8,276400,0.0
2019-02-05,43.92,44.35,43.65,43.92,292600,0.0
2019-02-06,43.86,44.2,43.55,43.96,306600,0.0
2019-02-07,43.37,43.44,42.12,42.49,373700,0.0
2019-02-08,42.15,43.04,42.13,42.99,292800,0.0
2019-02-11,43.16,43.74,43.14,43.42,185800,0.0
2019-02-12,43.77,44.29,43.58,44.25,314400,0.0
2019-02-13,44.45,44.79,44.31,44.54,432800,0.0
2019-02-14,44.41,44.73,44.18,44.66,331800,0.0
2019-02-15,45.12,45.19,44.9,45.19,208600,0.0
2019-02-19,45.01,45.5,45.0,45.22,299400,0.0
2019-02-20,45.31,45.87,45.29,45.59,328800,0.0
2019-02-21,45.51,45.58,44.49,44.7,701900,0.0
2019-02-22,45.11,45.78,45.02,45.77,245500,0.0
2019-02-25,46.46,46.84,46.15,46.39,357800,0.0
2019-02-26,46.28,46.38,45.97,46.04,185600,0.0
2019-02-27,45.92,46.83,45.79,46.72,317200,0.0
2019-02-28,46.58,46.76,46.05,46.56,248000,0.0
2019-03-01,46.85,46.89,46.39,46.8,283600,0.0
2019-03-04,47.19,47.24,45.5,46.23,326800,0.0
2019-03-05,46.18,46.69,45.65,46.36,395400,0.0
2019-03-06,46.36,46.36,45.26,45.36,482800,0.0
2019-03-07,45.09,45.24,44.27,44.57,356800,0.0
2019-03-08,43.82,44.92,43.38,44.86,304900,0.0
2019-03-11,45.14,46.42,45.0,46.42,461600,0.0
2019-03-12,46.5,46.77,46.04,46.55,461900,0.0
2019-03-13,46.74,47.14,46.55,46.94,498200,0.0
2019-03-14,46.96,47.07,46.53,46.64,227600,0.0
2019-03-15,46.77,47.26,46.6,46.99,388400,0.0
2019-03-18,47.0,47.42,46.39,46.85,289900,0.0
2019-03-19,47.02,47.26,46.66,46.98,349300,0.0
2019-03-20,46.93,47.48,46.5,47.1,283300,0.0
2019-03-21,46.81,48.15,46.76,48.07,354000,0.0
2019-03-22,47.81,47.94,46.04,46.05,555800,0.0
2019-03-25,45.82,46.23,45.21,45.95,611800,0.0
2019-03-26,46.5,46.65,45.8,46.15,329200,0.0
2019-03-27,46.14,46.38,44.92,45.65,653400,0.0
2019-03-28,45.77,46.26,45.48,46.14,205700,0.0
2019-03-29,46.58,46.83,46.21,46.73,242400,0.0
2019-04-01,47.32,47.52,47.08,47.43,326700,0.0
2019-04-02,47.48,47.86,47.22,47.81,283100,0.0
2019-04-03,48.19,49.08,48.1,48.78,449800,0.0
2019-04-04,48.38,48.46,47.51,48.13,366100,0.0
2019-04-05,48.3,48.93,48.19,48.91,255600,0.0
2019-04-08,48.78,48.98,48.47,48.81,266400,0.0
2019-04-09,48.65,48.85,48.22,48.3,314700,0.0
2019-04-10,48.42,48.98,48.25,48.98,300500,0.0
2019-04-11,48.94,48.94,48.21,48.35,339000,0.0
2019-04-12,48.78,48.85,48.35,48.46,329900,0.0
2019-04-15,48.5,48.56,47.46,47.95,443800,0.0
2019-04-16,48.24,48.54,48.1,48.28,352800,0.0
2019-04-17,48.67,48.71,46.86,47.05,433800,0.0
2019-04-18,47.11,47.31,46.41,47.09,330800,0.0
2019-04-22,46.97,47.32,46.84,47.25,246700,0.0
2019-04-23,47.45,48.59,47.41,48.43,337500,0.0
2019-04-24,48.5,48.5,47.98,48.01,338800,0.0
2019-04-25,47.82,48.0,47.22,47.58,422300,0.0
