Date,Open,High,Low,Close,Volume,Dividend,Momentum_1,Momentum_3,Momentum_6,SMA_200,Momentum_2
2016-09-13,14.94,14.94,14.94,14.94,200,0.0,,,,,
2016-09-14,14.94,14.94,14.94,14.94,0,0.0,,,,,
2016-09-15,15.23,15.23,15.23,15.23,200,0.0,,,,,
2016-09-16,15.23,15.23,15.23,15.23,0,0.0,,,,,
2016-09-19,15.2,15.21,15.19,15.2,4400,0.0,,,,,
2016-09-20,15.08,15.08,15.08,15.08,500,0.0,,,,,
2016-09-21,15.05,15.05,15.04,15.04,400,0.0,,,,,
2016-09-22,15.32,15.32,15.32,15.32,1000,0.0,,,,,
2016-09-23,15.42,15.42,15.26,15.29,4500,0.0,,,,,
2016-09-26,15.29,15.29,15.29,15.29,0,0.0,,,,,
2016-09-27,15.29,15.29,15.29,15.29,0,0.0,,,,,
2016-09-28,15.29,15.29,15.29,15.29,0,0.0,,,,,
2016-09-29,15.44,15.46,15.34,15.34,4800,0.0,,,,,
2016-09-30,15.39,15.43,15.39,15.43,500,0.0,,,,,
2016-10-03,15.54,15.54,15.48,15.52,1600,0.0,1.0401606425702812,,,,
2016-10-04,15.43,15.43,15.43,15.43,400,0.0,,,,,
2016-10-05,15.52,15.52,15.46,15.46,900,0.0,,,,,
2016-10-06,15.52,15.52,15.37,15.45,1700,0.0,,,,,
2016-10-07,15.31,15.31,15.25,15.25,300,0.0,,,,,
2016-10-10,15.34,15.34,15.32,15.32,500,0.0,,,,,
2016-10-11,15.31,15.31,15.05,15.05,1800,0.0,,,,,
2016-10-12,15.0,15.11,15.0,15.11,1000,0.0,,,,,
2016-10-13,15.0,15.0,14.99,15.0,6100,0.0,,,,,
2016-10-14,15.0,15.0,15.0,15.0,0,0.0,,,,,
2016-10-17,15.0,15.0,15.0,15.0,0,0.0,,,,,
2016-10-18,15.0,15.0,15.0,15.0,100,0.0,,,,,
2016-10-19,15.0,15.0,15.0,15.0,0,0.0,,,,,
2016-10-20,15.0,15.0,15.0,15.0,0,0.0,,,,,
2016-10-21,15.0,15.0,15.0,15.0,0,0.0,,,,,
2016-10-24,15.0,15.0,15.0,15.0,0,0.0,,,,,
2016-10-25,15.19,15.19,15.09,15.09,2700,0.0,,,,,
2016-10-26,15.09,15.09,15.09,15.09,0,0.0,,,,,
2016-10-27,15.09,15.09,15.09,15.09,0,0.0,,,,,
2016-10-28,14.86,14.86,14.85,14.85,300,0.0,,,,,
2016-10-31,14.85,14.85,14.85,14.85,0,0.0,0.9624108878807518,,,,
2016-11-01,14.84,14.85,14.76,14.76,7600,0.0,0.954954954954955,,,,0.9933065595716198
2016-11-02,14.66,14.66,14.59,14.59,200,0.0,,,,,
2016-11-03,14.59,14.59,14.59,14.59,0,0.0,,,,,
2016-11-04,14.59,14.59,14.55,14.55,400,0.0,,,,,
2016-11-07,15.04,15.06,15.04,15.06,400,0.0,,,,,
2016-11-08,15.06,15.06,15.06,15.06,0,0.0,,,,,
2016-11-09,14.94,14.99,14.94,14.99,400,0.0,,,,,
2016-11-10,14.99,14.99,14.99,14.99,0,0.0,,,,,
2016-11-11,14.76,14.89,14.76,14.89,6800,0.0,,,,,
2016-11-14,14.98,14.98,14.8,14.85,2200,0.0,,,,,
2016-11-15,14.85,14.85,14.85,14.85,1000,0.0,,,,,
2016-11-16,14.98,15.0,14.95,14.95,2600,0.0,,,,,
2016-11-17,15.07,15.13,15.07,15.1,2400,0.0,,,,,
2016-11-18,15.2,15.2,15.2,15.2,300,0.0,,,,,
2016-11-21,15.13,15.14,15.13,15.14,700,0.0,,,,,
2016-11-22,15.22,15.24,15.22,15.24,1500,0.0,,,,,
2016-11-23,15.23,15.23,15.23,15.23,1400,0.0,,,,,
2016-11-25,15.4,15.4,15.19,15.27,700,0.0,,,,,
2016-11-28,15.19,15.19,15.16,15.16,200,0.0,,,,,
2016-11-29,15.24,15.24,15.16,15.16,1200,0.0,,,,,
2016-11-30,15.05,15.06,14.98,14.99,500,0.0,1.0094276094276096,,,,0.9714841218405704
2016-12-01,14.85,14.85,14.63,14.63,1600,0.0,1.0006738544474394,0.993975903614458,,,0.9555984555984556
2016-12-02,14.57,14.57,14.53,14.53,600,0.0,,,,,
2016-12-05,14.76,14.79,14.72,14.72,1400,0.0,,,,,
2016-12-06,14.76,14.76,14.55,14.55,1000,0.0,,,,,
2016-12-07,14.58,14.8,14.58,14.8,1300,0.0,,,,,
2016-12-08,14.8,14.8,14.8,14.8,100,0.0,,,,,
2016-12-09,14.8,14.8,14.8,14.8,0,0.0,,,,,
2016-12-12,14.8,14.8,14.78,14.78,1600,0.0,,,,,
2016-12-13,14.71,14.71,14.7,14.7,800,0.0,,,,,
2016-12-14,14.69,14.69,14.69,14.69,200,0.0,,,,,
2016-12-15,14.76,14.76,14.74,14.76,600,0.0,,,,,
2016-12-16,14.76,14.76,14.76,14.76,0,0.0,,,,,
2016-12-19,14.65,14.69,14.59,14.59,4800,0.0,,,,,
2016-12-20,14.7,14.7,14.67,14.67,300,0.0,,,,,
2016-12-21,14.67,14.67,14.67,14.67,0,0.0,,,,,
2016-12-22,14.67,14.67,14.67,14.67,0,0.0,,,,,
2016-12-23,14.64,14.64,14.64,14.64,300,0.0,,,,,
2016-12-27,14.75,14.76,14.75,14.76,700,0.0,,,,,
2016-12-28,14.71,14.71,14.67,14.67,900,0.0,,,,,
2016-12-29,14.8,14.8,14.65,14.65,2000,0.0,,,,,
2016-12-30,14.65,14.65,14.65,14.65,0,0.0,0.9773182121414276,0.9494491250810112,,,0.9865319865319866
2017-01-03,14.75,14.81,14.75,14.78,1200,0.0,0.9932659932659932,0.9491634491634492,,,0.9939353099730458
2017-01-04,14.85,14.85,14.84,14.85,1600,0.0,,,,,
2017-01-05,15.04,15.04,15.02,15.02,400,0.0,,,,,
2017-01-06,15.06,15.09,15.05,15.09,900,0.0,,,,,
2017-01-09,15.05,15.05,15.05,15.05,400,0.0,,,,,
2017-01-10,15.2,15.23,15.2,15.23,1100,0.0,,,,,
2017-01-11,15.25,15.25,15.11,15.11,700,0.0,,,,,
2017-01-12,15.11,15.11,15.11,15.11,0,0.0,,,,,
2017-01-13,15.26,15.33,15.26,15.31,2200,0.0,,,,,
2017-01-17,15.16,15.16,15.11,15.11,300,0.0,,,,,
2017-01-18,15.11,15.11,15.11,15.11,0,0.0,,,,,
2017-01-19,15.2,15.26,15.2,15.26,800,0.0,,,,,
2017-01-20,15.28,15.28,15.23,15.23,1200,0.0,,,,,
2017-01-23,15.34,15.34,15.24,15.24,400,0.0,,,,,
2017-01-24,15.25,15.32,15.25,15.32,500,0.0,,,,,
2017-01-25,15.43,15.44,15.43,15.44,300,0.0,,,,,
2017-01-26,15.44,15.44,15.4,15.4,400,0.0,,,,,
2017-01-27,15.45,15.45,15.31,15.43,1300,0.0,,,,,
2017-01-30,15.24,15.29,15.19,15.29,5300,0.0,,,,,
2017-01-31,15.28,15.31,15.25,15.28,1100,0.0,1.0430034129692831,1.0289562289562288,,,1.019346230820547
2017-02-01,15.29,15.39,15.28,15.3,3300,0.0,1.0366101694915253,1.0303234501347711,,,1.0296296296296297
2017-02-02,15.56,15.56,15.48,15.48,800,0.0,,,,,
2017-02-03,15.48,15.48,15.48,15.48,0,0.0,,,,,
2017-02-06,15.53,15.53,15.51,15.53,2200,0.0,,,,,
2017-02-07,15.53,15.53,15.53,15.53,0,0.0,,,,,
2017-02-08,15.5,15.54,15.4,15.54,1000,0.0,,,,,
2017-02-09,15.55,15.6,15.44,15.6,1800,0.0,,,,,
2017-02-10,15.7,15.7,15.7,15.7,500,0.0,,,,,
2017-02-13,15.93,15.93,15.85,15.85,800,0.0,,,,,
2017-02-14,15.75,15.83,15.74,15.83,3200,0.0,,,,,
2017-02-15,15.66,15.79,15.66,15.79,3700,0.0,,,,,
2017-02-16,15.8,15.8,15.75,15.76,1800,0.0,,,,,
2017-02-17,15.71,15.8,15.71,15.8,2200,0.0,,,,,
2017-02-21,15.81,15.86,15.8,15.86,600,0.0,,,,,
2017-02-22,15.79,15.94,15.79,15.9,2400,0.0,,,,,
2017-02-23,15.91,16.05,15.91,15.98,2400,0.0,,,,,
2017-02-24,15.96,15.96,15.85,15.95,800,0.0,,,,,
2017-02-27,16.03,16.03,16.03,16.03,200,0.0,,,,,
2017-02-28,16.1,16.1,16.0,16.0,1000,0.0,1.0471204188481675,1.067378252168112,,,1.0921501706484642
2017-03-01,16.0,16.02,15.97,16.02,2200,0.0,1.0464355788096795,1.0774410774410774,1.07095046854083,,1.0847457627118644
2017-03-02,16.0,16.0,15.94,15.94,700,0.0,,,,,
2017-03-03,15.98,16.0,15.92,15.92,400,0.0,,,,,
2017-03-06,16.11,16.11,15.99,16.06,2400,0.0,,,,,
2017-03-07,16.14,16.14,16.0,16.06,5400,0.0,,,,,
2017-03-08,16.1,16.1,16.07,16.07,600,0.0,,,,,
2017-03-09,15.97,16.02,15.96,15.96,1600,0.0,,,,,
2017-03-10,15.96,15.96,15.96,15.96,0,0.0,,,,,
2017-03-13,16.25,16.25,16.17,16.22,2000,0.0,,,,,
2017-03-14,16.15,16.21,16.07,16.21,45100,0.0,,,,,
2017-03-15,16.27,16.27,16.27,16.27,500,0.0,,,,,
2017-03-16,16.5,16.5,16.4,16.41,1200,0.0,,,,,
2017-03-17,16.47,16.47,16.39,16.39,8100,0.0,,,,,
2017-03-20,16.41,16.41,16.26,16.28,1500,0.0,,,,,
2017-03-21,16.0,16.0,15.95,15.95,1200,0.0,,,,,
2017-03-22,15.93,15.93,15.89,15.89,400,0.0,,,,,
2017-03-23,15.89,16.04,15.89,16.04,1700,0.0,,,,,
2017-03-24,16.12,16.12,16.11,16.11,400,0.0,,,,,
2017-03-27,16.0,16.08,15.85,16.08,1700,0.0,,,,,
2017-03-28,16.06,16.18,16.06,16.18,1300,0.0,,,,,
2017-03-29,16.1,16.19,16.07,16.19,1800,0.0,,,,,
2017-03-30,16.26,16.26,16.2,16.26,5500,0.0,,,,,
2017-03-31,16.15,16.28,16.15,16.28,4100,0.0,1.0175,1.1112627986348125,1.0550874918988984,,1.0654450261780106
2017-04-03,16.32,16.32,16.07,16.15,3000,0.0,1.02,1.1064406779661018,1.0501930501930503,,1.0673642903858729
2017-04-04,16.13,16.15,16.13,16.15,200,0.0,,,,,
2017-04-05,16.15,16.17,16.06,16.1,3400,0.0,,,,,
2017-04-06,16.11,16.11,16.11,16.11,1000,0.0,,,,,
2017-04-07,16.18,16.18,16.11,16.16,1100,0.0,,,,,
2017-04-10,16.26,16.26,16.21,16.25,3300,0.0,,,,,
2017-04-11,16.21,16.24,16.21,16.24,600,0.0,,,,,
2017-04-12,16.25,16.25,16.2,16.2,1500,0.0,,,,,
2017-04-13,16.24,16.24,16.17,16.17,900,0.0,,,,,
2017-04-17,16.18,16.2,16.17,16.19,1400,0.0,,,,,
2017-04-18,16.23,16.3,16.22,16.3,2900,0.0,,,,,
2017-04-19,16.3,16.3,16.3,16.3,0,0.0,,,,,
2017-04-20,16.43,16.49,16.43,16.44,2100,0.0,,,,,
2017-04-21,16.54,16.56,16.51,16.54,1500,0.0,,,,,
2017-04-24,16.78,16.8,16.76,16.8,3400,0.0,,,,,
2017-04-25,16.94,16.96,16.94,16.94,2300,0.0,,,,,
2017-04-26,16.95,16.95,16.91,16.91,900,0.0,,,,,
2017-04-27,17.15,17.18,17.11,17.18,8600,0.0,,,,,
2017-04-28,17.19,17.19,17.0,17.1,4900,0.0,1.0503685503685505,1.1191099476439792,1.1515151515151516,,1.06875
2017-05-01,17.22,17.24,17.21,17.24,4300,0.0,1.0551470588235292,1.1262262916939176,1.160377358490566,,1.07625
2017-05-02,17.36,17.36,17.22,17.28,3400,0.0,,,,,
2017-05-03,17.25,17.25,17.05,17.1,4900,0.0,,,,,
2017-05-04,17.37,17.39,17.3,17.35,3500,0.0,,,,,
2017-05-05,17.3,17.41,17.24,17.41,4800,0.0,,,,,
2017-05-08,17.46,17.46,17.31,17.36,6300,0.0,,,,,
2017-05-09,17.4,17.4,17.29,17.34,5500,0.0,,,,,
2017-05-10,17.44,17.48,17.37,17.44,8900,0.0,,,,,
2017-05-11,18.0,18.0,17.34,17.34,9200,0.0,,,,,
2017-05-12,17.35,17.38,17.33,17.33,1300,0.0,,,,,
2017-05-15,17.42,17.53,17.42,17.52,5800,0.0,,,,,
2017-05-16,17.56,17.63,17.53,17.63,70100,0.0,,,,,
2017-05-17,17.51,17.51,17.14,17.14,18300,0.0,,,,,
2017-05-18,17.25,17.25,17.19,17.21,2200,0.0,,,,,
2017-05-19,17.5,17.52,17.5,17.51,3700,0.0,,,,,
2017-05-22,17.59,17.65,17.55,17.65,6800,0.0,,,,,
2017-05-23,17.76,17.76,17.64,17.68,3900,0.0,,,,,
2017-05-24,17.84,17.87,17.76,17.87,9100,0.0,,,,,
2017-05-25,18.01,18.04,17.95,17.99,16400,0.0,,,,,
2017-05-26,18.05,18.05,17.91,17.93,20500,0.0,,,,,
2017-05-30,17.99,17.99,17.92,17.95,8600,0.0,,,,,
2017-05-31,17.93,18.09,17.93,18.09,6200,0.0,1.0578947368421052,1.130625,1.2068045363575717,,1.111179361179361
2017-06-01,18.2,18.38,18.17,18.38,3800,0.0,1.0569105691056908,1.1375,1.2255892255892256,,1.1151960784313726
2017-06-02,18.44,18.52,18.37,18.51,14500,0.0,,,,,
2017-06-05,18.55,18.57,18.47,18.56,104600,0.0,,,,,
2017-06-06,18.55,18.57,18.5,18.51,9200,0.0,,,,,
2017-06-07,18.58,18.59,18.48,18.58,10300,0.0,,,,,
2017-06-08,18.6,18.63,18.54,18.63,9200,0.0,,,,,
2017-06-09,18.74,18.79,18.35,18.35,20000,0.0,,,,,
2017-06-12,18.28,18.28,17.9,18.07,16000,0.0,,,,,
2017-06-13,18.28,18.41,18.22,18.32,20300,0.0,,,,,
2017-06-14,18.49,18.5,18.27,18.38,17000,0.0,,,,,
2017-06-15,18.19,18.32,18.08,18.32,11700,0.0,,,,,
2017-06-16,18.4,18.4,18.33,18.35,10000,0.0,,,,,
2017-06-19,18.45,18.58,18.44,18.58,9000,0.0,,,,,
2017-06-20,18.64,18.64,18.45,18.45,6500,0.0,,,,,
2017-06-21,18.45,18.45,18.45,18.45,1500,0.0,,,,,
2017-06-22,18.59,18.63,18.47,18.62,14100,0.0,,,,,
2017-06-23,18.65,18.75,18.55,18.68,21500,0.0,,,,,
2017-06-26,18.73,18.73,18.6,18.64,7600,0.0,,,,,
2017-06-27,18.66,18.66,18.38,18.38,8700,0.0,,,,,
2017-06-28,18.38,18.62,18.38,18.62,4000,0.0,,,,15.97,
2017-06-29,18.3,18.37,18.22,18.37,2800,0.0,,,,15.99,
2017-06-30,18.5,18.51,18.44,18.48,3600,0.0,1.021558872305141,1.135135135135135,1.261433447098976,16.0,1.080701754385965
2017-07-03,18.68,18.68,18.44,18.44,4900,0.0,1.0263736263736265,1.1446078431372548,1.2664406779661015,16.02,1.0847851335656211
2017-07-05,18.58,18.7,18.58,18.69,7300,0.0,,,,16.04,
2017-07-06,18.65,18.65,18.44,18.52,12600,0.0,,,,16.05,
2017-07-07,18.64,18.72,18.64,18.72,3900,0.0,,,,16.07,
2017-07-10,18.82,18.82,18.72,18.77,26800,0.0,,,,16.09,
2017-07-11,18.84,18.93,18.83,18.93,10700,0.0,,,,16.11,
2017-07-12,19.04,19.18,19.03,19.18,26800,0.0,,,,16.13,
2017-07-13,19.26,19.26,19.1,19.18,26600,0.0,,,,16.15,
2017-07-14,19.24,19.3,19.17,19.3,7100,0.0,,,,16.17,
2017-07-17,19.36,19.36,19.27,19.35,23600,0.0,,,,16.19,
2017-07-18,19.41,19.44,19.31,19.44,15900,0.0,,,,16.21,
2017-07-19,19.45,19.49,19.37,19.48,7000,0.0,,,,16.23,
2017-07-20,19.55,19.58,19.48,19.55,14900,0.0,,,,16.25,
2017-07-21,19.65,19.65,19.5,19.6,17000,0.0,,,,16.27,
2017-07-24,19.54,19.67,19.5,19.64,19800,0.0,,,,16.29,
2017-07-25,19.75,19.75,19.65,19.71,22100,0.0,,,,16.31,
2017-07-26,19.78,19.85,19.72,19.83,13900,0.0,,,,16.34,
2017-07-27,19.97,19.99,19.59,19.76,27400,0.0,,,,16.36,
2017-07-28,19.62,19.63,19.52,19.59,7400,0.0,,,,16.38,
2017-07-31,19.69,19.69,19.44,19.64,8800,0.0,1.0627705627705628,1.1485380116959063,1.2853403141361257,16.4,1.085682697622996
2017-08-01,19.92,19.92,19.55,19.62,13300,0.0,1.0663811563169163,1.1567944250871085,1.3028122956180512,16.43,1.0945054945054946
2017-08-02,19.62,19.62,19.34,19.45,16800,0.0,,,,16.45,
2017-08-03,19.35,19.45,19.34,19.42,3800,0.0,,,,16.47,
2017-08-04,19.44,19.48,19.37,19.47,15500,0.0,,,,16.49,
2017-08-07,19.41,19.64,19.41,19.64,11100,0.0,,,,16.52,
2017-08-08,19.69,19.69,19.53,19.57,17000,0.0,,,,16.54,
2017-08-09,19.44,19.61,19.44,19.61,118800,0.0,,,,16.56,
2017-08-10,19.44,19.44,19.25,19.25,9600,0.0,,,,16.58,
2017-08-11,19.25,19.38,19.25,19.32,12100,0.0,,,,16.6,
2017-08-14,19.62,19.64,19.54,19.64,8200,0.0,,,,16.63,
2017-08-15,19.68,19.79,19.56,19.57,36400,0.0,,,,16.65,
2017-08-16,19.67,19.77,19.64,19.67,17800,0.0,,,,16.67,
2017-08-17,19.57,19.65,19.38,19.38,21000,0.0,,,,16.7,
2017-08-18,19.38,19.46,19.32,19.46,10900,0.0,,,,16.72,
2017-08-21,19.51,19.51,19.36,19.47,13300,0.0,,,,16.74,
2017-08-22,19.54,19.65,19.52,19.65,7700,0.0,,,,16.77,
2017-08-23,19.63,19.69,19.63,19.69,1700,0.0,,,,16.79,
2017-08-24,19.65,19.66,19.53,19.63,11700,0.0,,,,16.82,
2017-08-25,19.63,19.75,19.59,19.68,16000,0.0,,,,16.84,
2017-08-28,19.64,19.66,19.58,19.64,24900,0.0,,,,16.86,
2017-08-29,19.57,19.68,19.55,19.67,6400,0.0,,,,16.89,
2017-08-30,19.71,19.85,19.64,19.81,7000,0.0,,,,16.91,
2017-08-31,19.94,20.07,19.94,20.04,9900,0.0,1.020366598778004,1.1077943615257049,1.2525,16.94,1.0844155844155845
2017-09-01,20.13,20.16,20.05,20.16,9000,0.0,1.0105421686746987,1.106043956043956,1.258125,16.96,1.0776231263383298
2017-09-05,20.11,20.11,19.89,19.94,24900,0.0,,,,16.99,
2017-09-06,20.0,20.05,20.0,20.02,6600,0.0,,,,17.01,
2017-09-07,20.1,20.24,20.1,20.17,12700,0.0,,,,17.04,
2017-09-08,20.19,20.26,20.14,20.18,10300,0.0,,,,17.06,
2017-09-11,20.29,20.43,20.29,20.43,13000,0.0,,,,17.09,
2017-09-12,20.5,20.5,20.31,20.43,10300,0.0,,,,17.12,
2017-09-13,20.44,20.44,20.31,20.31,17800,0.0,,,,17.14,
2017-09-14,20.31,20.42,20.25,20.4,11100,0.0,,,,17.17,
2017-09-15,20.38,20.45,20.35,20.4,11300,0.0,,,,17.19,
2017-09-18,20.33,20.58,20.33,20.58,36300,0.0,,,,17.22,
2017-09-19,20.64,20.68,20.6,20.66,21000,0.0,,,,17.25,
2017-09-20,20.67,20.73,20.53,20.61,25700,0.0,,,,17.28,
2017-09-21,20.66,20.67,20.5,20.63,12200,0.0,,,,17.31,
2017-09-22,20.73,20.78,20.7,20.72,39900,0.0,,,,17.34,
2017-09-25,20.78,20.84,20.44,20.55,19200,0.0,,,,17.37,
2017-09-26,20.57,20.6,20.46,20.49,15200,0.0,,,,17.4,
2017-09-27,20.55,20.72,20.52,20.68,10400,0.0,,,,17.43,
2017-09-28,20.74,20.74,20.66,20.71,15200,0.0,,,,17.46,
2017-09-29,20.77,20.8,20.75,20.76,19700,0.0,1.035928143712575,1.1233766233766234,1.2751842751842752,17.49,1.0570264765784114
2017-10-02,20.76,20.9,20.76,20.77,28500,0.0,1.031296572280179,1.1113490364025698,1.272058823529412,17.52,1.0421686746987953
2017-10-03,20.9,20.99,20.88,20.98,18900,0.0,,,,17.55,
2017-10-04,20.89,21.04,20.86,21.01,31400,0.0,,,,17.58,
2017-10-05,21.0,21.08,20.96,21.07,29100,0.0,,,,17.61,
2017-10-06,21.04,21.13,20.99,21.13,14400,0.0,,,,17.65,
2017-10-09,21.23,21.28,21.18,21.24,87700,0.0,,,,17.68,
2017-10-10,21.36,21.39,21.27,21.32,67400,0.0,,,,17.71,
2017-10-11,21.4,21.43,21.36,21.4,42900,0.0,,,,17.75,
2017-10-12,21.51,21.57,21.43,21.55,91300,0.0,,,,17.78,
2017-10-13,21.7,21.7,21.56,21.56,55600,0.0,,,,17.81,
2017-10-16,21.65,21.65,21.5,21.55,27100,0.0,,,,17.85,
2017-10-17,21.42,21.59,21.4,21.4,52300,0.0,,,,17.88,
2017-10-18,21.52,21.62,21.46,21.53,122800,0.0,,,,17.92,
2017-10-19,21.47,21.47,21.28,21.36,38300,0.0,,,,17.95,
2017-10-20,21.65,21.65,21.51,21.54,28900,0.0,,,,17.98,
2017-10-23,21.69,21.69,21.44,21.48,43000,0.0,,,,18.01,
2017-10-24,21.42,21.44,21.31,21.36,21100,0.0,,,,18.05,
2017-10-25,21.37,21.45,21.22,21.41,41100,0.0,,,,18.08,
2017-10-26,21.53,21.63,21.42,21.5,31900,0.0,,,,18.11,
2017-10-27,21.69,21.69,21.5,21.62,41900,0.0,,,,18.14,
2017-10-30,21.6,21.66,21.37,21.42,49200,0.0,,,,18.17,
2017-10-31,21.43,21.69,21.43,21.64,64200,0.0,1.0423892100192678,1.1018329938900204,1.2654970760233917,18.2,1.0798403193612776
2017-11-01,21.8,21.8,21.41,21.44,74700,0.0,1.0500963391136802,1.0943775100401605,1.2659698025551684,18.24,1.0829607550919027
2017-11-02,21.51,21.51,21.34,21.41,38400,0.0,,,,18.27,
2017-11-03,21.52,21.56,21.4,21.56,27200,0.0,,,,18.3,
2017-11-06,21.54,21.82,21.54,21.82,61300,0.0,,,,18.33,
2017-11-07,21.84,21.95,21.55,21.58,52200,0.0,,,,18.36,
2017-11-08,21.46,21.56,21.3,21.51,45000,0.0,,,,18.39,
2017-11-09,21.46,21.46,21.14,21.35,34900,0.0,,,,18.42,
2017-11-10,21.39,21.46,21.35,21.4,12500,0.0,,,,18.45,
2017-11-13,21.35,21.45,21.2,21.43,39000,0.0,,,,18.48,
2017-11-14,21.5,21.58,21.43,21.58,22900,0.0,,,,18.51,
2017-11-15,21.54,21.54,21.3,21.46,45800,0.0,,,,18.55,
2017-11-16,21.6,21.84,21.6,21.83,42500,0.0,,,,18.58,
2017-11-17,21.9,21.91,21.84,21.86,65700,0.0,,,,18.61,
2017-11-20,22.06,22.07,21.94,22.01,133000,0.0,,,,18.64,
2017-11-21,22.11,22.25,22.11,22.2,67800,0.0,,,,18.67,
2017-11-22,22.38,22.38,22.03,22.15,201600,0.0,,,,18.71,
2017-11-24,22.2,22.34,22.2,22.28,58400,0.0,,,,18.74,
2017-11-27,22.36,22.36,21.99,21.99,82300,0.0,,,,18.77,
2017-11-28,22.01,22.16,21.91,22.15,56000,0.0,,,,18.8,
2017-11-29,22.22,22.22,21.5,21.58,69500,0.0,,,,18.83,
2017-11-30,21.6,21.88,21.6,21.83,94100,0.0,1.0087800369685769,1.089321357285429,1.206744057490326,18.86,1.0515414258188822
2017-12-01,21.81,21.82,21.42,21.77,22100,0.0,1.0004587155963305,1.0834575260804769,1.1983516483516483,18.89,1.0505780346820808
2017-12-04,21.94,21.99,21.42,21.5,79000,0.0,,,,18.92,
2017-12-05,21.48,21.56,21.27,21.4,43100,0.0,,,,18.95,
2017-12-06,21.51,21.59,21.36,21.47,20900,0.0,,,,18.98,
2017-12-07,21.53,21.66,21.46,21.56,31000,0.0,,,,19.01,
2017-12-08,21.76,21.8,21.53,21.61,19300,0.0,,,,19.03,
2017-12-11,21.62,21.62,21.5,21.58,33900,0.0,,,,19.06,
2017-12-12,21.57,21.75,21.54,21.65,28300,0.0,,,,19.09,
2017-12-13,21.72,21.86,21.7,21.78,20600,0.0,,,,19.12,
2017-12-14,21.9,21.99,21.83,21.85,23000,0.0,,,,19.15,
2017-12-15,21.9,21.99,21.82,21.98,25500,0.0,,,,19.18,
2017-12-18,22.16,22.23,22.1,22.13,86200,0.0,,,,19.21,
2017-12-19,22.24,22.24,22.0,22.09,37200,0.0,,,,19.24,
2017-12-20,22.22,22.24,21.92,21.94,70600,0.0,,,,19.27,
2017-12-21,22.11,22.11,22.0,22.03,32600,0.0,,,,19.3,
2017-12-22,22.12,22.12,21.9,21.96,27400,0.0,,,,19.33,
2017-12-26,21.99,22.02,21.93,21.97,22600,0.0,,,,19.36,
2017-12-27,21.97,22.1,21.92,21.95,37500,0.0,,,,19.39,
2017-12-28,22.05,22.06,21.92,21.97,32000,0.025,,,,19.41,
2017-12-29,22.09,22.09,21.9,21.95,37100,0.0,1.005497022446175,1.0573217726396915,1.1877705627705628,19.44,1.0143253234750462
2018-01-02,22.05,22.14,21.97,22.13,66300,0.0,1.0110041265474554,1.0621387283236994,1.1804068522483941,19.47,1.0114678899082572
2018-01-03,22.3,22.39,22.15,22.36,79200,0.0,,,,19.5,
2018-01-04,22.57,22.62,22.5,22.54,68600,0.0,,,,19.53,
2018-01-05,22.68,22.95,22.62,22.95,92100,0.0,,,,19.57,
2018-01-08,23.02,23.03,22.83,22.99,145200,0.0,,,,19.6,
2018-01-09,23.05,23.12,22.84,23.12,78200,0.0,,,,19.64,
2018-01-10,23.02,23.22,22.87,23.22,99300,0.0,,,,19.67,
2018-01-11,23.37,23.51,23.32,23.49,120600,0.0,,,,19.71,
2018-01-12,23.58,23.58,23.41,23.54,117000,0.0,,,,19.75,
2018-01-16,23.58,23.69,23.15,23.27,213600,0.0,,,,19.78,
2018-01-17,23.38,23.62,23.28,23.62,127100,0.0,,,,19.82,
2018-01-18,23.6,23.7,23.45,23.51,251200,0.0,,,,19.86,
2018-01-19,23.72,23.84,23.68,23.83,118300,0.0,,,,19.89,
2018-01-22,23.85,24.0,23.8,24.0,160700,0.0,,,,19.93,
2018-01-23,23.99,24.0,23.85,24.0,117800,0.0,,,,19.97,
2018-01-24,24.1,24.15,23.76,23.84,117400,0.0,,,,20.01,
2018-01-25,24.15,24.2,23.98,24.06,108700,0.0,,,,20.05,
2018-01-26,24.06,24.2,23.98,24.2,105100,0.0,,,,20.09,
2018-01-29,24.2,24.2,23.99,24.0,107800,0.0,,,,20.13,
2018-01-30,23.92,23.92,23.71,23.88,128600,0.0,,,,20.17,
2018-01-31,24.06,24.11,23.9,23.98,129600,0.0,1.0924829157175402,1.1081330868761552,1.220977596741344,20.21,1.098488318827302
2018-02-01,23.82,23.83,23.58,23.68,86100,0.0,1.0802721088435374,1.0926605504587157,1.1957831325301205,20.24,1.0921595598349385
2018-02-02,23.51,23.55,23.07,23.09,102600,0.0,,,,20.28,
2018-02-05,22.89,23.09,22.3,22.37,179700,0.0,,,,20.31,
2018-02-06,21.98,22.52,21.65,22.42,172900,0.0,,,,20.34,
2018-02-07,22.51,22.68,22.45,22.57,73600,0.0,,,,20.37,
2018-02-08,22.51,22.56,21.88,21.91,63500,0.0,,,,20.39,
2018-02-09,22.14,22.32,21.54,22.11,80000,0.0,,,,20.42,
2018-02-12,22.22,22.49,22.18,22.43,45300,0.0,,,,20.44,
2018-02-13,22.38,22.55,22.34,22.55,59000,0.0,,,,20.47,
2018-02-14,22.5,23.07,22.47,23.04,60000,0.0,,,,20.5,
2018-02-15,23.26,23.5,23.1,23.49,123200,0.0,,,,20.53,
2018-02-16,23.51,23.72,23.49,23.58,53100,0.0,,,,20.56,
2018-02-20,23.47,23.77,23.28,23.6,65700,0.0,,,,20.59,
2018-02-21,23.81,23.81,23.44,23.48,61100,0.0,,,,20.62,
2018-02-22,23.44,23.44,23.1,23.16,83300,0.0,,,,20.65,
2018-02-23,23.14,23.25,22.9,23.19,28900,0.0,,,,20.68,
2018-02-26,23.34,23.65,23.34,23.65,57600,0.0,,,,20.71,
2018-02-27,23.65,23.65,23.27,23.28,39600,0.0,,,,20.74,
2018-02-28,23.35,23.48,23.09,23.1,45900,0.0,0.963302752293578,1.0581768208886857,1.1526946107784433,20.77,1.0523917995444192
2018-03-01,23.07,23.07,22.6,22.84,59300,0.0,0.968513853904282,1.0577716643741404,1.1460506706408349,20.8,1.0462585034013605
2018-03-02,22.78,23.11,22.62,23.11,37500,0.0,,,,20.83,
2018-03-05,23.12,23.66,23.03,23.62,51300,0.0,,,,20.86,
2018-03-06,23.84,23.84,23.5,23.62,76600,0.0,,,,20.89,
2018-03-07,23.6,23.88,23.5,23.84,68200,0.0,,,,20.92,
2018-03-08,23.98,23.98,23.77,23.82,62300,0.0,,,,20.95,
2018-03-09,24.08,24.2,24.0,24.2,40200,0.0,,,,20.99,
2018-03-12,24.44,24.44,24.24,24.39,92500,0.0,,,,21.02,
2018-03-13,24.61,24.61,24.19,24.2,60000,0.0,,,,21.05,
2018-03-14,24.44,24.57,24.26,24.49,66700,0.0,,,,21.08,
2018-03-15,24.62,24.62,24.44,24.49,64400,0.0,,,,21.12,
2018-03-16,24.48,24.48,24.34,24.42,25200,0.0,,,,21.15,
2018-03-19,24.32,24.32,23.89,24.17,66800,0.0,,,,21.18,
2018-03-20,24.3,24.6,24.25,24.6,46900,0.0,,,,21.21,
2018-03-21,24.56,24.62,24.35,24.49,66300,0.0,,,,21.24,
2018-03-22,24.33,24.33,23.85,23.87,57300,0.0,,,,21.26,
2018-03-23,23.84,23.87,23.31,23.35,70700,0.0,,,,21.29,
2018-03-26,23.69,23.83,23.36,23.83,48800,0.0,,,,21.31,
2018-03-27,24.07,24.07,23.25,23.39,57400,0.0,,,,21.34,
2018-03-28,23.44,23.47,22.84,23.03,49400,0.0,,,,21.36,
2018-03-29,23.2,23.53,23.04,23.38,21700,0.0,1.012121212121212,1.0651480637813209,1.126204238921002,21.39,0.9749791492910759
2018-04-02,23.38,23.43,22.8,22.97,43400,0.0,1.0134373645426962,1.0603174603174603,1.126204238921002,21.41,0.9815281276238454
2018-04-03,23.07,23.07,22.65,22.8,86800,0.0,,,,21.43,
2018-04-04,22.41,22.87,22.17,22.85,47600,0.0,,,,21.46,
2018-04-05,23.07,23.22,23.04,23.15,103000,0.0,,,,21.48,
2018-04-06,22.94,23.01,22.6,22.72,14400,0.0,,,,21.5,
2018-04-09,22.97,23.17,22.95,22.96,23400,0.0,,,,21.52,
2018-04-10,23.3,23.37,23.12,23.34,83300,0.0,,,,21.55,
2018-04-11,23.22,23.41,23.16,23.16,42000,0.0,,,,21.57,
2018-04-12,23.36,23.48,23.32,23.48,18400,0.0,,,,21.59,
2018-04-13,23.67,23.67,23.12,23.29,33000,0.0,,,,21.62,
2018-04-16,23.41,23.45,23.29,23.4,25100,0.0,,,,21.64,
2018-04-17,23.6,23.96,23.58,23.86,32100,0.0,,,,21.67,
2018-04-18,23.98,24.16,23.86,24.11,66100,0.0,,,,21.7,
2018-04-19,24.06,24.13,23.96,24.02,15400,0.0,,,,21.72,
2018-04-20,23.96,24.04,23.8,23.89,21000,0.0,,,,21.75,
2018-04-23,23.97,24.07,23.77,23.9,41100,0.0,,,,21.78,
2018-04-24,24.01,24.07,23.38,23.53,37700,0.0,,,,21.8,
2018-04-25,23.42,23.42,23.02,23.16,44600,0.0,,,,21.82,
2018-04-26,23.33,23.52,23.3,23.4,29800,0.0,,,,21.85,
2018-04-27,23.55,23.55,23.38,23.47,8900,0.0,,,,21.87,
2018-04-30,23.64,23.79,23.56,23.6,30300,0.0,1.009409751924722,0.9841534612176814,1.090573012939002,21.89,1.0216450216450217
2018-05-01,23.6,23.77,23.51,23.77,52200,0.0,1.009409751924722,0.9907640638119228,1.0825688073394495,21.91,1.022973558734287
2018-05-02,23.9,23.95,23.73,23.73,29000,0.0,,,,21.93,
2018-05-03,23.67,23.93,23.51,23.91,53800,0.0,,,,21.96,
2018-05-04,23.89,24.24,23.72,24.1,25300,0.0,,,,21.98,
2018-05-07,24.14,24.47,24.14,24.4,64500,0.0,,,,22.0,
2018-05-08,24.42,24.6,24.3,24.6,52300,0.0,,,,22.03,
2018-05-09,24.66,25.04,24.66,24.9,70100,0.0,,,,22.05,
2018-05-10,24.85,25.2,24.85,25.19,99200,0.0,,,,22.08,
2018-05-11,25.18,25.24,25.11,25.2,366500,0.0,,,,22.11,
2018-05-14,25.27,25.27,25.0,25.04,53900,0.0,,,,22.14,
2018-05-15,25.09,25.1,24.83,25.05,43300,0.0,,,,22.16,
2018-05-16,25.17,25.34,25.08,25.28,59300,0.0,,,,22.19,
2018-05-17,25.37,25.46,25.22,25.36,48400,0.0,,,,22.22,
2018-05-18,25.36,25.61,25.32,25.59,65600,0.0,,,,22.25,
2018-05-21,25.81,25.81,25.6,25.68,69800,0.0,,,,22.28,
2018-05-22,25.74,25.74,25.32,25.32,234800,0.0,,,,22.31,
2018-05-23,25.22,25.49,25.04,25.45,250000,0.0,,,,22.34,
2018-05-24,25.53,25.64,25.39,25.56,198700,0.0,,,,22.37,
2018-05-25,25.61,25.72,25.56,25.64,163700,0.0,,,,22.4,
2018-05-29,25.64,25.64,25.26,25.51,88200,0.0,,,,22.43,
2018-05-30,25.7,25.82,25.56,25.75,62700,0.0,,,,22.46,
2018-05-31,25.85,25.88,25.61,25.62,90700,0.0,1.0855932203389829,1.1090909090909091,1.1736142922583601,22.49,1.0958083832335328
2018-06-01,25.75,25.8,25.58,25.73,215500,0.0,1.091101694915254,1.1161681837884698,1.1806510774873908,22.52,1.1013686911890506
2018-06-04,26.1,26.17,25.92,26.16,97600,0.0,,,,22.56,
2018-06-05,26.3,26.39,26.23,26.39,199100,0.0,,,,22.59,
2018-06-06,26.48,26.74,26.33,26.74,128700,0.0,,,,22.63,
2018-06-07,26.77,26.77,26.01,26.17,195900,0.0,,,,22.66,
2018-06-08,26.28,26.6,26.26,26.56,103900,0.0,,,,22.7,
2018-06-11,26.7,26.7,26.56,26.58,133000,0.0,,,,22.73,
2018-06-12,26.78,26.99,26.67,26.88,174400,0.0,,,,22.77,
2018-06-13,27.08,27.18,26.85,26.98,231900,0.0,,,,22.8,
2018-06-14,27.18,27.35,27.12,27.27,206600,0.0,,,,22.84,
2018-06-15,27.1,27.21,26.73,27.13,129000,0.0,,,,22.88,
2018-06-18,27.03,27.25,26.77,27.24,153200,0.0,,,,22.92,
2018-06-19,27.05,27.21,26.6,27.21,392500,0.0,,,,22.95,
2018-06-20,27.31,27.46,27.25,27.29,170000,0.0,,,,22.99,
2018-06-21,27.4,27.43,27.05,27.15,307900,0.0,,,,23.02,
2018-06-22,27.31,27.38,26.95,27.12,552300,0.0,,,,23.06,
2018-06-25,26.91,26.92,26.11,26.29,357400,0.0,,,,23.09,
2018-06-26,26.46,26.5,26.31,26.39,194100,0.0,,,,23.12,
2018-06-27,26.44,26.48,25.72,25.75,183700,0.0,,,,23.15,
2018-06-28,25.62,25.8,25.4,25.8,106100,0.0,,,,23.17,
2018-06-29,26.06,26.2,26.02,26.05,290100,0.0,1.016783762685402,1.1142001710863991,1.1867881548974943,23.2,1.1038135593220342
2018-07-02,25.93,26.1,25.79,26.06,105900,0.0,1.006990291262136,1.1090675791274591,1.1759637188208616,23.23,1.098728813559322
2018-07-03,26.28,26.32,26.05,26.06,90200,0.0,,,,23.26,
2018-07-05,26.41,26.46,26.17,26.43,131200,0.0,,,,23.29,
2018-07-06,26.49,26.78,26.46,26.72,145800,0.0,,,,23.32,
2018-07-09,27.06,27.09,26.84,26.99,266400,0.0,,,,23.35,
2018-07-10,27.09,27.1,26.81,27.0,171400,0.0,,,,23.38,
2018-07-11,26.78,27.01,26.72,26.93,214300,0.0,,,,23.41,
2018-07-12,26.98,27.2,26.95,27.17,153700,0.0,,,,23.45,
2018-07-13,27.2,27.21,26.92,27.1,73400,0.0,,,,23.48,
2018-07-16,27.19,27.23,27.02,27.15,139300,0.0,,,,23.51,
2018-07-17,27.09,27.27,26.96,27.27,155400,0.0,,,,23.55,
2018-07-18,27.34,27.35,27.15,27.35,113800,0.0,,,,23.58,
2018-07-19,27.24,27.33,27.15,27.21,111200,0.0,,,,23.61,
2018-07-20,27.37,27.56,27.33,27.48,146400,0.0,,,,23.64,
2018-07-23,27.49,27.67,27.3,27.67,138600,0.0,,,,23.68,
2018-07-24,27.83,27.98,27.31,27.54,192300,0.0,,,,23.71,
2018-07-25,27.58,27.94,27.37,27.92,140100,0.0,,,,23.74,
2018-07-26,27.65,27.8,27.52,27.66,185600,0.0,,,,23.77,
2018-07-27,27.79,27.79,26.86,26.96,169700,0.0,,,,23.8,
2018-07-30,27.12,27.12,26.25,26.35,260700,0.0,,,,23.83,
2018-07-31,26.36,26.52,26.15,26.26,114000,0.0,1.0080614203454894,1.1127118644067795,1.0950792326939116,23.85,1.0249804839968777
2018-08-01,26.35,26.56,26.32,26.36,173500,0.0,1.0161974546856922,1.1165254237288136,1.1062132661628885,23.87,1.0233009708737864
2018-08-02,26.26,26.87,26.22,26.87,72100,0.0,,,,23.9,
2018-08-03,26.92,27.05,26.76,26.86,89400,0.0,,,,23.93,
2018-08-06,26.9,27.0,26.8,26.95,92100,0.0,,,,23.96,
2018-08-07,26.9,27.26,26.9,27.17,122300,0.0,,,,23.98,
2018-08-08,27.24,27.25,27.0,27.23,68300,0.0,,,,24.01,
2018-08-09,27.36,27.5,27.29,27.37,88400,0.0,,,,24.04,
2018-08-10,27.18,27.45,27.12,27.31,149400,0.0,,,,24.07,
2018-08-13,27.34,27.5,27.15,27.24,110600,0.0,,,,24.1,
2018-08-14,27.36,27.49,27.24,27.44,90400,0.0,,,,24.13,
2018-08-15,27.34,27.44,26.97,27.11,143500,0.0,,,,24.16,
2018-08-16,27.39,27.47,27.29,27.38,154800,0.0,,,,24.19,
2018-08-17,27.42,27.63,27.31,27.63,74300,0.0,,,,24.22,
2018-08-20,27.8,27.84,27.58,27.75,156500,0.0,,,,24.25,
2018-08-21,27.87,28.04,27.81,27.87,198500,0.0,,,,24.28,
2018-08-22,27.97,28.18,27.94,28.16,408000,0.0,,,,24.32,
2018-08-23,28.28,28.47,28.21,28.38,198800,0.0,,,,24.35,
2018-08-24,28.48,28.72,28.47,28.72,210900,0.0,,,,24.38,
2018-08-27,29.01,29.17,28.9,29.03,551200,0.0,,,,24.42,
2018-08-28,29.1,29.1,28.85,28.98,137200,0.0,,,,24.46,
2018-08-29,29.03,29.2,28.91,29.18,260800,0.0,,,,24.5,
2018-08-30,29.13,29.3,29.03,29.17,275700,0.0,,,,24.54,
2018-08-31,29.11,29.32,29.11,29.29,245200,0.0,1.1153846153846152,1.143247462919594,1.2679653679653675,24.58,1.1243761996161228
2018-09-04,29.23,29.31,29.0,29.31,352700,0.0,1.1092979127134723,1.1351456310679613,1.2670134373645427,24.62,1.127265715387582
2018-09-05,29.11,29.12,28.28,28.44,326600,0.0,,,,24.65,
2018-09-06,28.28,28.5,28.1,28.27,149300,0.0,,,,24.68,
2018-09-07,28.26,28.49,28.0,28.25,193200,0.0,,,,24.71,
2018-09-10,28.44,28.47,28.26,28.37,81200,0.0,,,,24.74,
2018-09-11,28.37,28.71,28.22,28.64,404600,0.0,,,,24.77,
2018-09-12,28.72,28.73,28.34,28.66,296100,0.0,,,,24.81,
2018-09-13,28.81,28.94,28.72,28.77,352200,0.0,,,,24.84,
2018-09-14,28.89,29.07,28.83,28.98,197400,0.0,,,,24.87,
2018-09-17,28.95,29.0,28.43,28.49,323900,0.0,,,,24.91,
2018-09-18,28.5,28.76,28.5,28.69,180800,0.0,,,,24.94,
2018-09-19,28.67,28.68,28.26,28.4,206000,0.0,,,,24.98,
2018-09-20,28.51,28.53,28.28,28.48,428800,0.0,,,,25.01,
2018-09-21,28.69,28.77,28.48,28.49,149900,0.0,,,,25.05,
2018-09-24,28.44,28.57,28.22,28.4,120600,0.0,,,,25.08,
2018-09-25,28.56,28.87,28.54,28.82,155400,0.0,,,,25.12,
2018-09-26,29.04,29.08,28.7,28.74,255800,0.0,,,,25.15,
2018-09-27,28.79,28.86,28.7,28.72,276600,0.0,,,,25.19,
2018-09-28,28.54,28.9,28.54,28.75,195100,0.0,0.9815636736087402,1.1036468330134357,1.2296834901625322,25.22,1.0948210205635946
2018-10-01,29.01,29.05,28.52,28.65,153900,0.0,0.9924734861443724,1.1187813343617432,1.2408041060735673,25.26,1.1009487666034157
2018-10-02,28.63,28.63,28.3,28.44,188000,0.0,,,,25.29,
2018-10-03,28.59,28.69,28.35,28.57,161200,0.0,,,,25.33,
2018-10-04,28.54,28.54,27.81,27.95,360400,0.0,,,,25.35,
2018-10-05,27.8,28.05,27.42,27.71,201800,0.0,,,,25.38,
2018-10-08,27.42,27.49,26.57,27.0,285700,0.0,,,,25.41,
2018-10-09,26.81,27.23,26.67,27.07,401300,0.0,,,,25.43,
2018-10-10,26.79,26.9,25.43,25.49,662500,0.0,,,,25.45,
2018-10-11,25.26,25.52,24.76,24.9,409600,0.0,,,,25.47,
2018-10-12,25.64,25.85,25.3,25.67,570700,0.0,,,,25.48,
2018-10-15,25.55,25.73,25.4,25.52,100700,0.0,,,,25.5,
2018-10-16,25.84,26.46,25.82,26.39,371700,0.0,,,,25.52,
2018-10-17,26.48,26.48,26.01,26.4,313800,0.0,,,,25.54,
2018-10-18,26.36,26.43,25.81,26.04,240700,0.0,,,,25.56,
2018-10-19,26.27,26.52,25.9,25.96,132900,0.0,,,,25.58,
2018-10-22,26.0,26.21,25.84,26.09,87800,0.0,,,,25.6,
2018-10-23,25.6,25.92,25.27,25.77,133800,0.0,,,,25.61,
2018-10-24,25.73,25.85,24.75,24.8,255600,0.0,,,,25.62,
2018-10-25,24.98,25.41,24.84,25.28,361200,0.0,,,,25.63,
2018-10-26,24.58,24.99,24.25,24.6,207500,0.0,,,,25.63,
2018-10-29,24.74,24.96,23.54,23.9,193200,0.0,,,,25.64,
2018-10-30,23.95,24.5,23.88,24.49,275200,0.0,,,,25.64,
2018-10-31,24.8,25.39,24.77,25.14,234700,0.0,0.8744347826086957,0.9573495811119572,1.0652542372881355,25.65,0.8583134175486514
2018-11-01,25.4,25.73,25.15,25.62,172500,0.0,0.8755601516718372,0.9639468690702088,1.0762711864406778,25.66,0.8689702360588436
2018-11-02,25.78,26.01,25.35,25.6,194500,0.0,,,,25.67,
2018-11-05,25.56,25.59,25.18,25.38,86400,0.0,,,,25.68,
2018-11-06,25.43,25.7,25.41,25.58,105400,0.0,,,,25.68,
2018-11-07,25.94,26.5,25.87,26.48,260000,0.0,,,,25.7,
2018-11-08,26.35,26.43,25.93,26.12,209400,0.0,,,,25.71,
2018-11-09,25.85,25.85,25.2,25.56,80000,0.0,,,,25.71,
2018-11-12,25.22,25.24,24.34,24.41,190700,0.0,,,,25.72,
2018-11-13,24.46,24.8,24.32,24.43,127600,0.0,,,,25.72,
2018-11-14,24.45,24.48,23.93,24.13,172800,0.0,,,,25.72,
2018-11-15,24.11,24.69,23.95,24.61,88200,0.0,,,,25.72,
2018-11-16,24.6,24.85,24.42,24.72,164700,0.0,,,,25.73,
2018-11-19,24.37,24.49,23.14,23.2,292800,0.0,,,,25.74,
2018-11-20,22.49,22.94,22.25,22.63,336900,0.0,,,,25.74,
2018-11-21,22.82,23.3,22.76,23.13,279100,0.0,,,,25.74,
2018-11-23,23.0,23.38,22.85,23.19,54900,0.0,,,,25.75,
2018-11-26,23.42,23.8,23.42,23.78,134800,0.0,,,,25.76,
2018-11-27,23.52,23.71,23.4,23.65,59200,0.0,,,,25.76,
2018-11-28,23.73,24.57,23.72,24.52,76900,0.0,,,,25.77,
2018-11-29,24.59,24.65,24.26,24.5,174200,0.0,,,,25.78,
2018-11-30,24.35,24.61,24.25,24.56,68700,0.0,0.9769291964996022,0.8385114373506316,0.9586260733801716,25.78,0.8542608695652173
2018-12-03,25.03,25.15,24.75,24.94,96600,0.0,0.9854330708661418,0.8563120082107424,0.9720388349514564,25.79,0.8628059289900034
2018-12-04,24.74,24.81,23.71,23.76,113800,0.0,,,,25.79,
2018-12-06,23.08,23.69,22.85,23.61,134300,0.0,,,,25.79,
2018-12-07,23.63,23.84,22.87,22.98,75500,0.0,,,,25.79,
2018-12-10,22.84,23.27,22.72,23.06,218600,0.0,,,,25.79,
2018-12-11,23.44,23.51,22.95,23.17,106300,0.0,,,,25.79,
2018-12-12,23.47,23.88,23.47,23.5,116500,0.0,,,,25.79,
2018-12-13,23.58,23.75,23.22,23.27,76700,0.0,,,,25.79,
2018-12-14,23.1,23.22,22.8,22.85,138200,0.0,,,,25.79,
2018-12-17,22.72,22.81,22.14,22.22,160500,0.0,,,,25.79,
2018-12-18,22.34,22.52,22.15,22.31,264000,0.0,,,,25.78,
2018-12-19,22.37,22.8,21.97,22.2,184000,0.0,,,,25.77,
2018-12-20,21.86,22.09,21.37,21.6,318800,0.0,,,,25.76,
2018-12-21,21.72,21.74,20.9,20.97,331700,0.0,,,,25.75,
2018-12-24,20.82,21.19,20.66,20.71,259400,0.0,,,,25.73,
2018-12-26,20.77,21.83,20.71,21.82,241800,0.0,,,,25.72,
2018-12-27,21.52,22.1,21.3,22.06,178000,0.0,,,,25.71,
2018-12-28,22.18,22.24,21.82,22.01,119100,0.04,,,,25.69,
2018-12-31,22.07,22.26,21.9,22.09,265400,0.0,0.8994299674267101,0.7683478260869565,0.8479846449136276,25.68,0.8786793953858393
2019-01-02,21.81,22.26,21.81,22.14,73100,0.0,0.8713543747502995,0.7518097207859358,0.8411106826070188,25.67,0.8586614173228346
2019-01-03,21.86,21.91,21.3,21.3,80500,0.0,,,,25.66,
2019-01-04,21.71,22.42,21.71,22.32,90400,0.0,,,,25.64,
2019-01-07,22.42,22.78,22.34,22.65,92000,0.0,,,,25.64,
2019-01-08,22.96,23.1,22.81,23.06,211100,0.0,,,,25.63,
2019-01-09,23.37,23.47,23.14,23.39,379100,0.0,,,,25.63,
2019-01-10,23.28,23.49,23.14,23.49,45100,0.0,,,,25.63,
2019-01-11,23.42,23.49,23.28,23.48,34300,0.0,,,,25.63,
2019-01-14,23.15,23.31,23.04,23.21,55400,0.0,,,,25.63,
2019-01-15,23.23,23.55,23.23,23.51,63800,0.0,,,,25.63,
2019-01-16,23.66,23.91,23.66,23.85,94200,0.0,,,,25.64,
2019-01-17,23.8,24.3,23.8,24.19,84900,0.0,,,,25.64,
2019-01-18,24.41,24.88,24.39,24.88,119000,0.0,,,,25.65,
2019-01-22,24.66,24.79,24.33,24.42,114300,0.0,,,,25.66,
2019-01-23,24.66,24.88,24.49,24.7,93200,0.0,,,,25.67,
2019-01-24,24.76,25.1,24.76,25.1,134300,0.0,,,,25.68,
2019-01-25,25.41,25.65,25.3,25.65,125900,0.0,,,,25.69,
2019-01-28,25.41,25.42,25.16,25.4,92000,0.0,,,,25.7,
2019-01-29,25.3,25.3,24.9,24.96,108600,0.0,,,,25.71,
2019-01-30,25.08,25.2,24.59,25.09,149900,0.0,,,,25.72,
2019-01-31,25.01,25.25,24.97,25.08,107600,0.0,1.1353553644182888,0.9976133651551312,0.9550647372429548,25.73,1.021172638436482
2019-02-01,24.88,24.9,24.66,24.8,132300,0.0,1.1407611187528657,0.979527559055118,0.944212523719165,25.73,0.9940071913703556
2019-02-04,25.04,25.41,25.01,25.37,120200,0.0,,,,25.74,
2019-02-05,25.5,25.72,25.5,25.7,153500,0.0,,,,25.75,
2019-02-06,25.62,25.81,25.5,25.66,113800,0.0,,,,25.76,
2019-02-07,25.29,25.46,25.13,25.37,138900,0.0,,,,25.76,
2019-02-08,25.01,25.37,24.94,25.35,320500,0.0,,,,25.77,
2019-02-11,25.5,25.67,25.43,25.48,91300,0.0,,,,25.78,
2019-02-12,25.75,25.89,25.63,25.86,92500,0.0,,,,25.8,
2019-02-13,25.86,26.0,25.75,25.83,160200,0.0,,,,25.81,
2019-02-14,25.84,26.04,25.79,25.97,98700,0.0,,,,25.82,
2019-02-15,26.13,26.23,26.0,26.19,226400,0.0,,,,25.83,
2019-02-19,26.33,26.59,26.31,26.52,151500,0.0,,,,25.85,
2019-02-20,26.51,26.51,26.25,26.34,104200,0.0,,,,25.86,
2019-02-21,26.32,26.32,26.03,26.08,149500,0.0,,,,25.87,
2019-02-22,26.28,26.75,26.24,26.67,348200,0.0,,,,25.88,
2019-02-25,27.0,27.08,26.85,26.92,184300,0.0,,,,25.89,
2019-02-26,26.84,26.88,26.67,26.84,154100,0.0,,,,25.9,
2019-02-27,26.71,26.99,26.65,26.93,158700,0.0,,,,25.91,
2019-02-28,26.81,27.01,26.75,26.95,303800,0.0,1.074561403508772,1.097312703583062,0.9201092523045408,25.92,1.2200090538705295
2019-03-01,27.15,27.29,27.04,27.25,134600,0.0,1.0912379421221865,1.0846983619656412,0.9288402326377008,25.93,1.2448418156808805
2019-03-04,27.36,27.43,26.56,26.82,232200,0.0,,,,25.94,
2019-03-05,26.82,26.96,26.64,26.93,218400,0.0,,,,25.95,
2019-03-06,26.88,26.9,26.56,26.68,114000,0.0,,,,25.95,
2019-03-07,26.74,26.78,26.37,26.49,111900,0.0,,,,25.96,
2019-03-08,26.22,26.6,26.1,26.6,97500,0.0,,,,25.96,
2019-03-11,26.64,27.1,26.64,27.1,144100,0.0,,,,25.97,
2019-03-12,27.05,27.2,26.93,27.15,129900,0.0,,,,25.98,
2019-03-13,27.13,27.43,27.09,27.29,172100,0.0,,,,25.99,
2019-03-14,27.3,27.37,27.21,27.3,120400,0.0,,,,26.0,
2019-03-15,27.26,27.46,27.2,27.39,124500,0.0,,,,26.01,
2019-03-18,27.43,27.49,27.05,27.18,174400,0.0,,,,26.01,
2019-03-19,27.31,27.49,27.24,27.46,189000,0.0,,,,26.02,
2019-03-20,27.47,27.48,27.07,27.25,136200,0.0,,,,26.03,
2019-03-21,27.08,27.64,27.08,27.63,135300,0.0,,,,26.04,
2019-03-22,27.48,27.5,26.9,27.01,148900,0.0,,,,26.04,
2019-03-25,26.79,26.88,26.61,26.76,106900,0.0,,,,26.04,
2019-03-26,27.2,27.43,27.16,27.36,109100,0.0,,,,26.05,
2019-03-27,27.42,27.5,27.03,27.33,143800,0.0,,,,26.05,
2019-03-28,27.43,27.6,27.28,27.58,98500,0.0,,,,26.05,
2019-03-29,27.65,27.74,27.56,27.68,89600,0.0,1.02708719851577,1.2530556813037574,0.962782608695652,26.06,1.1036682615629985
2019-04-01,27.9,28.14,27.81,28.09,137300,0.0,1.0276243093922652,1.2792297111416782,0.9617373319544984,26.06,1.1213826366559485
2019-04-02,28.14,28.2,28.01,28.15,105100,0.0,,,,26.07,
2019-04-03,28.33,28.5,28.25,28.32,210300,0.0,,,,26.07,
2019-04-04,28.31,28.35,27.88,28.1,188600,0.0,,,,26.08,
2019-04-05,28.18,28.31,28.16,28.22,119300,0.0,,,,26.08,
2019-04-08,28.23,28.34,28.0,28.34,125400,0.0,,,,26.09,
2019-04-09,28.18,28.23,28.09,28.15,124000,0.0,,,,26.09,
2019-04-10,28.21,28.38,28.15,28.26,169000,0.0,,,,26.1,
2019-04-11,28.28,28.44,28.18,28.21,126700,0.0,,,,26.11,
2019-04-12,28.4,28.44,28.3,28.32,82400,0.0,,,,26.12,
2019-04-15,28.46,28.49,28.32,28.36,182200,0.0,,,,26.13,
2019-04-16,28.49,28.49,28.14,28.21,177200,0.0,,,,26.14,
2019-04-17,28.39,28.39,28.03,28.11,201900,0.0,,,,26.15,
2019-04-18,28.1,28.1,27.71,27.95,196400,0.0,,,,26.16,
2019-04-22,27.95,28.22,27.84,28.2,190800,0.0,,,,26.17,
2019-04-23,28.14,28.57,28.13,28.55,133000,0.0,,,,26.19,
2019-04-24,28.63,28.75,28.46,28.6,160700,0.0,,,,26.19,
2019-04-25,28.43,28.58,28.35,28.48,263700,0.0,,,,26.2,
2019-04-26,28.48,28.6,28.3,28.6,59400,0.0,,,,26.21,
2019-04-29,28.62,28.76,28.6,28.69,78200,0.0,,,,26.22,
2019-04-30,28.75,28.99,28.7,28.86,142100,0.0,1.0426300578034682,1.1507177033492824,1.1479713603818615,26.23,1.0708719851576995
2019-05-01,28.76,28.78,28.42,28.42,144000,0.0,1.0308243727598567,1.1559485530546625,1.1322834645669293,26.23,1.0593001841620626
2019-05-02,28.3,28.44,28.0,28.26,134400,0.0,,,,26.24,
2019-05-03,28.32,28.55,28.25,28.48,63200,0.0,,,,26.25,
2019-05-06,27.97,28.66,27.79,28.66,160700,0.0,,,,26.25,
2019-05-07,28.38,28.38,27.89,28.06,111200,0.0,,,,26.26,
2019-05-08,28.11,28.37,28.11,28.21,236200,0.0,,,,26.26,
2019-05-09,27.71,28.08,27.55,28.04,175000,0.0,,,,26.26,
2019-05-10,27.96,28.33,27.65,28.32,141500,0.0,,,,26.27,
